	SeqName	Domain	Supergroup	Division	Subdivision	Class	Order	Family	Genus	Species
ASV_1	seq1	Eukaryota	NA	NA	NA	NA	NA	NA	NA	NA
ASV_2	seq2	Eukaryota	TSAR	Alveolata	Ciliophora	Litostomatea	Rhynchostomatia	Dileptidae	Pseudomonilicaryon	Pseudomonilicaryon_fraterculum
ASV_3	seq3	Eukaryota	TSAR	Alveolata	Ciliophora	Oligohymenophorea	Peritrichia_1	Trichodinidae	NA	NA
ASV_4	seq4	Eukaryota	TSAR	Alveolata	Ciliophora	NA	NA	NA	NA	NA
ASV_5	seq5	Eukaryota	TSAR	Alveolata	Ciliophora	Oligohymenophorea	Peritrichia_1	Trichodinidae	NA	NA
ASV_6	seq6	Eukaryota	TSAR	Alveolata	Ciliophora	NA	NA	NA	NA	NA
ASV_7	seq7	Eukaryota	TSAR	Alveolata	Ciliophora	Oligohymenophorea	Peritrichia_1	Trichodinidae	NA	NA
ASV_8	seq8	Eukaryota	TSAR	Alveolata	Ciliophora	Spirotrichea	Choreotrichida-Tintinnina	Tintinnidiidae	Tintinnidium	Tintinnidium_fluviatile
ASV_9	seq9	Eukaryota	TSAR	Alveolata	Ciliophora	Spirotrichea	Choreotrichida-Tintinnina	TIN_10	Tintinnopsis_10	Tintinnopsis_kiangsuensis
ASV_10	seq10	Eukaryota	TSAR	Alveolata	Ciliophora	Oligohymenophorea	Peniculia	Peniculida	Stokesia	Stokesia_vernalis
ASV_11	seq11	Eukaryota	TSAR	Alveolata	Ciliophora	Oligohymenophorea	Peniculia	Peniculida	Stokesia	Stokesia_vernalis
ASV_12	seq12	Eukaryota	TSAR	Alveolata	Ciliophora	Spirotrichea	Choreotrichida-Tintinnina	Tintinnidiidae	Tintinnidium	Tintinnidium_fluviatile
ASV_13	seq13	Eukaryota	TSAR	Alveolata	Ciliophora	Spirotrichea	Choreotrichida-Tintinnina	Tintinnidiidae	Tintinnidium	NA
ASV_14	seq14	Eukaryota	TSAR	Alveolata	Ciliophora	Oligohymenophorea	Peniculia	Peniculida	Stokesia	Stokesia_vernalis
ASV_15	seq15	Eukaryota	TSAR	Alveolata	Ciliophora	Oligohymenophorea	Peritrichia_1	Trichodinidae	NA	NA
ASV_16	seq16	Eukaryota	NA	NA	NA	NA	NA	NA	NA	NA
ASV_17	seq17	Eukaryota	TSAR	Alveolata	Ciliophora	Oligohymenophorea	Peniculia	Peniculida	Stokesia	Stokesia_vernalis
ASV_18	seq18	Eukaryota	TSAR	Alveolata	Ciliophora	Oligohymenophorea	Peniculia	NA	NA	NA
ASV_19	seq19	Eukaryota	TSAR	Alveolata	Ciliophora	NA	NA	NA	NA	NA
ASV_20	seq20	Eukaryota	TSAR	Alveolata	Ciliophora	NA	NA	NA	NA	NA
ASV_21	seq21	Eukaryota	TSAR	Alveolata	Ciliophora	Oligohymenophorea	Peniculia	Peniculida	Stokesia	Stokesia_vernalis
ASV_22	seq22	Eukaryota	TSAR	Alveolata	Ciliophora	Spirotrichea	Choreotrichida-Tintinnina	Tintinnidiidae	Tintinnidium	NA
ASV_23	seq23	Eukaryota	TSAR	Alveolata	Ciliophora	Oligohymenophorea	Peniculia	Peniculida	Stokesia	Stokesia_vernalis
ASV_24	seq24	Eukaryota	TSAR	Alveolata	Ciliophora	Spirotrichea	Choreotrichida-Tintinnina	Tintinnidiidae	Tintinnidium	Tintinnidium_fluviatile
ASV_25	seq25	Eukaryota	TSAR	Alveolata	Ciliophora	Oligohymenophorea	Peniculia	Peniculida	Stokesia	Stokesia_vernalis
ASV_26	seq26	Eukaryota	TSAR	Alveolata	Ciliophora	Spirotrichea	Choreotrichida-Tintinnina	NA	NA	NA
ASV_27	seq27	Eukaryota	TSAR	Alveolata	Ciliophora	NA	NA	NA	NA	NA
ASV_28	seq28	Eukaryota	TSAR	Alveolata	Ciliophora	NA	NA	NA	NA	NA
ASV_29	seq29	Eukaryota	TSAR	Alveolata	Ciliophora	Spirotrichea	Choreotrichida-Tintinnina	NA	NA	NA
ASV_30	seq30	Eukaryota	TSAR	Alveolata	Ciliophora	Spirotrichea	NA	NA	NA	NA
ASV_31	seq31	Eukaryota	TSAR	Alveolata	Ciliophora	Spirotrichea	Choreotrichida-Tintinnina	NA	NA	NA
ASV_32	seq32	Eukaryota	TSAR	Alveolata	Ciliophora	Spirotrichea	NA	NA	NA	NA
ASV_33	seq33	Eukaryota	TSAR	Alveolata	Ciliophora	Spirotrichea	Choreotrichida-Tintinnina	Tintinnidiidae	Tintinnidium	Tintinnidium_fluviatile
ASV_34	seq34	Eukaryota	TSAR	Alveolata	Ciliophora	Spirotrichea	Choreotrichida-Tintinnina	TIN_10	Tintinnopsis_10	Tintinnopsis_kiangsuensis
ASV_35	seq35	Eukaryota	TSAR	Alveolata	Ciliophora	Oligohymenophorea	Peritrichia_1	Trichodinidae	NA	NA
ASV_36	seq36	Eukaryota	TSAR	Alveolata	Ciliophora	Oligohymenophorea	Peritrichia_1	Trichodinidae	NA	NA
ASV_37	seq37	Eukaryota	TSAR	Alveolata	Ciliophora	NA	NA	NA	NA	NA
ASV_38	seq38	Eukaryota	Cryptista	Cryptophyta	Cryptophyta_X	Cryptophyceae	Cryptomonadales	Cryptomonadales_X	Cryptomonas	Cryptomonas_parapyrenoidifera
ASV_39	seq39	Eukaryota	TSAR	Alveolata	Ciliophora	Oligohymenophorea	Peritrichia_1	Trichodinidae	NA	NA
ASV_40	seq40	Eukaryota	TSAR	Alveolata	Ciliophora	Spirotrichea	Choreotrichida-Tintinnina	Tintinnidiidae	Tintinnidium	Tintinnidium_fluviatile
ASV_41	seq41	Eukaryota	TSAR	Alveolata	Ciliophora	Spirotrichea	Choreotrichida-Tintinnina	NA	NA	NA
ASV_42	seq42	Eukaryota	TSAR	Alveolata	Ciliophora	Spirotrichea	Choreotrichida-Tintinnina	NA	NA	NA
ASV_43	seq43	Eukaryota	TSAR	Alveolata	Ciliophora	Spirotrichea	Choreotrichida-Tintinnina	Tintinnidiidae	Tintinnidium	Tintinnidium_fluviatile
ASV_44	seq44	Eukaryota	TSAR	Alveolata	Ciliophora	Oligohymenophorea	Peniculia	Peniculida	Stokesia	Stokesia_vernalis
ASV_45	seq45	Eukaryota	TSAR	Alveolata	Ciliophora	Spirotrichea	Choreotrichida-Tintinnina	Tintinnidiidae	Tintinnidium	Tintinnidium_pusillum
ASV_46	seq46	Eukaryota	TSAR	Alveolata	Ciliophora	Spirotrichea	NA	NA	NA	NA
ASV_47	seq47	Eukaryota	TSAR	Alveolata	Ciliophora	Spirotrichea	Choreotrichida	NA	NA	NA
ASV_48	seq48	Eukaryota	TSAR	Alveolata	Ciliophora	Spirotrichea	Choreotrichida-Tintinnina	Tintinnidiidae	Tintinnidium	Tintinnidium_fluviatile
ASV_49	seq49	Eukaryota	TSAR	Alveolata	Ciliophora	Spirotrichea	Choreotrichida-Tintinnina	Tintinnidiidae	Tintinnidium	Tintinnidium_fluviatile
ASV_50	seq50	Eukaryota	TSAR	Alveolata	Ciliophora	Oligohymenophorea	Peritrichia_1	Trichodinidae	NA	NA
ASV_51	seq51	Eukaryota	TSAR	Alveolata	Ciliophora	Spirotrichea	Choreotrichida-Tintinnina	NA	NA	NA
ASV_52	seq52	Eukaryota	TSAR	Alveolata	Ciliophora	Spirotrichea	Choreotrichida-Tintinnina	Tintinnidiidae	Tintinnidium	Tintinnidium_fluviatile
ASV_53	seq53	Eukaryota	TSAR	Alveolata	Ciliophora	Spirotrichea	Choreotrichida-Tintinnina	Tintinnidiidae	Tintinnidium	Tintinnidium_fluviatile
ASV_54	seq54	Eukaryota	TSAR	Alveolata	Ciliophora	Spirotrichea	Choreotrichida-Tintinnina	Tintinnidiidae	Tintinnidium	NA
ASV_55	seq55	Eukaryota	Cryptista	Cryptophyta	Cryptophyta_X	Cryptophyceae	Cryptomonadales	Cryptomonadales_X	Cryptomonas	Cryptomonas_parapyrenoidifera
ASV_56	seq56	Eukaryota	TSAR	Alveolata	Ciliophora	Spirotrichea	Choreotrichida-Tintinnina	NA	NA	NA
ASV_57	seq57	Eukaryota	TSAR	Alveolata	Ciliophora	Spirotrichea	NA	NA	NA	NA
ASV_58	seq58	Eukaryota	Cryptista	Cryptophyta	Cryptophyta_X	Cryptophyceae	Cryptomonadales	Cryptomonadales_X	Cryptomonas	Cryptomonas_parapyrenoidifera
ASV_59	seq59	Eukaryota	Cryptista	Cryptophyta	Cryptophyta_X	Cryptophyceae	Cryptomonadales	Cryptomonadales_X	Cryptomonas	Cryptomonas_parapyrenoidifera
ASV_60	seq60	Eukaryota	NA	NA	NA	NA	NA	NA	NA	NA
ASV_61	seq61	Eukaryota	TSAR	Alveolata	Ciliophora	Spirotrichea	Choreotrichida-Tintinnina	NA	NA	NA
ASV_62	seq62	Eukaryota	TSAR	Alveolata	Ciliophora	Oligohymenophorea	Peniculia	Peniculida	Stokesia	Stokesia_vernalis
ASV_63	seq63	Eukaryota	TSAR	Alveolata	Ciliophora	Prostomatea	Prostomatea_X	Prostomatea_XX	Hexasterias	Hexasterias_problematica
ASV_64	seq64	Eukaryota	TSAR	Alveolata	Ciliophora	Oligohymenophorea	Peritrichia_1	Trichodinidae	NA	NA
ASV_65	seq65	Eukaryota	NA	NA	NA	NA	NA	NA	NA	NA
ASV_66	seq66	Eukaryota	NA	NA	NA	NA	NA	NA	NA	NA
ASV_67	seq67	Eukaryota	TSAR	Alveolata	Ciliophora	Spirotrichea	Choreotrichida-Tintinnina	NA	NA	NA
ASV_68	seq68	Eukaryota	TSAR	Alveolata	Ciliophora	NA	NA	NA	NA	NA
ASV_69	seq69	Eukaryota	NA	NA	NA	NA	NA	NA	NA	NA
ASV_70	seq70	Eukaryota	TSAR	Alveolata	Ciliophora	NA	NA	NA	NA	NA
ASV_71	seq71	Eukaryota	TSAR	Alveolata	Ciliophora	Spirotrichea	NA	NA	NA	NA
ASV_72	seq72	Eukaryota	NA	NA	NA	NA	NA	NA	NA	NA
ASV_73	seq73	Eukaryota	TSAR	Alveolata	Ciliophora	NA	NA	NA	NA	NA
ASV_74	seq74	Eukaryota	TSAR	Alveolata	Ciliophora	NA	NA	NA	NA	NA
ASV_75	seq75	Eukaryota	TSAR	Alveolata	Ciliophora	Phyllopharyngea	Suctoria	NA	NA	NA
ASV_76	seq76	Eukaryota	TSAR	Alveolata	Ciliophora	Oligohymenophorea	Peniculia	Peniculida	Stokesia	Stokesia_vernalis
ASV_77	seq77	Eukaryota	TSAR	Alveolata	Ciliophora	Oligohymenophorea	Peniculia	Peniculida	Stokesia	Stokesia_vernalis
ASV_78	seq78	Eukaryota	TSAR	Alveolata	Ciliophora	Oligohymenophorea	Peniculia	Peniculida	Stokesia	Stokesia_vernalis
ASV_79	seq79	Eukaryota	TSAR	Alveolata	Ciliophora	Spirotrichea	Choreotrichida-Tintinnina	Tintinnidiidae	Tintinnidium	NA
ASV_80	seq80	Eukaryota	TSAR	Alveolata	Ciliophora	Spirotrichea	NA	NA	NA	NA
ASV_81	seq81	Eukaryota	NA	NA	NA	NA	NA	NA	NA	NA
ASV_82	seq82	Eukaryota	TSAR	Alveolata	Ciliophora	Spirotrichea	Choreotrichida	Strobilidiidae	Pelagostrobilidium	NA
ASV_83	seq83	Eukaryota	TSAR	Alveolata	Ciliophora	Oligohymenophorea	Peniculia	Peniculida	Stokesia	Stokesia_vernalis
ASV_84	seq84	Eukaryota	TSAR	Alveolata	Ciliophora	Spirotrichea	Oligotrichida	Strombidiidae	Pelagostrombidium	Pelagostrombidium_sp.
ASV_85	seq85	Eukaryota	TSAR	Alveolata	Ciliophora	Spirotrichea	Choreotrichida	NA	NA	NA
ASV_86	seq86	Eukaryota	Cryptista	Cryptophyta	Cryptophyta_X	Cryptophyceae	Cryptomonadales	Cryptomonadales_X	Cryptomonas	Cryptomonas_parapyrenoidifera
ASV_87	seq87	Eukaryota	TSAR	Alveolata	Ciliophora	Spirotrichea	Oligotrichida	Pelagostrombidiidae	Limnostrombidium	Limnostrombidium_viride
ASV_88	seq88	Eukaryota	Obazoa	Opisthokonta	Fungi	NA	NA	NA	NA	NA
ASV_89	seq89	Eukaryota	TSAR	Alveolata	Ciliophora	Spirotrichea	Choreotrichida-Tintinnina	Tintinnidiidae	Tintinnidium	Tintinnidium_fluviatile
ASV_90	seq90	Eukaryota	TSAR	Alveolata	Ciliophora	Spirotrichea	Choreotrichida	Strobilidiidae	Pelagostrobilidium	NA
ASV_91	seq91	Eukaryota	TSAR	Alveolata	Ciliophora	Oligohymenophorea	Peniculia	Peniculida	Stokesia	Stokesia_vernalis
ASV_92	seq92	Eukaryota	TSAR	Alveolata	Ciliophora	NA	NA	NA	NA	NA
ASV_93	seq93	Eukaryota	TSAR	Alveolata	Ciliophora	Spirotrichea	Choreotrichida-Tintinnina	Tintinnidiidae	Tintinnidium	Tintinnidium_fluviatile
ASV_94	seq94	Eukaryota	TSAR	Alveolata	Ciliophora	Spirotrichea	Choreotrichida-Tintinnina	Tintinnidiidae	Tintinnidium	Tintinnidium_fluviatile
ASV_95	seq95	Eukaryota	TSAR	Alveolata	Ciliophora	Phyllopharyngea	Suctoria	NA	NA	NA
ASV_96	seq96	Eukaryota	Cryptista	Cryptophyta	Cryptophyta_X	Cryptophyceae	Cryptomonadales	Cryptomonadales_X	Cryptomonas	Cryptomonas_parapyrenoidifera
ASV_97	seq97	Eukaryota	TSAR	Alveolata	Ciliophora	Oligohymenophorea	Peniculia	Peniculida	Stokesia	Stokesia_vernalis
ASV_98	seq98	Eukaryota	TSAR	Alveolata	Ciliophora	Spirotrichea	Choreotrichida-Tintinnina	Tintinnidiidae	Tintinnidium	Tintinnidium_pusillum
ASV_99	seq99	Eukaryota	TSAR	Alveolata	Ciliophora	NA	NA	NA	NA	NA
ASV_100	seq100	Eukaryota	TSAR	Alveolata	Ciliophora	Oligohymenophorea	Peniculia	Peniculida	Stokesia	Stokesia_vernalis
ASV_101	seq101	Eukaryota	TSAR	Alveolata	Ciliophora	Spirotrichea	NA	NA	NA	NA
ASV_102	seq102	Eukaryota	TSAR	Alveolata	Ciliophora	NA	NA	NA	NA	NA
ASV_103	seq103	Eukaryota	TSAR	Alveolata	Ciliophora	NA	NA	NA	NA	NA
ASV_104	seq104	Eukaryota	Obazoa	Opisthokonta	Fungi	NA	NA	NA	NA	NA
ASV_105	seq105	Eukaryota	TSAR	Alveolata	Ciliophora	Spirotrichea	Choreotrichida-Tintinnina	Tintinnidiidae	Tintinnidium	NA
ASV_106	seq106	Eukaryota	TSAR	Alveolata	Ciliophora	Spirotrichea	NA	NA	NA	NA
ASV_107	seq107	Eukaryota	TSAR	Alveolata	Ciliophora	Spirotrichea	Choreotrichida-Tintinnina	Tintinnidiidae	Tintinnidium	Tintinnidium_fluviatile
ASV_108	seq108	Eukaryota	TSAR	Alveolata	Ciliophora	NA	NA	NA	NA	NA
ASV_109	seq109	Eukaryota	TSAR	Alveolata	Ciliophora	NA	NA	NA	NA	NA
ASV_110	seq110	Eukaryota	TSAR	Alveolata	Ciliophora	Spirotrichea	Choreotrichida-Tintinnina	Tintinnidiidae	Tintinnidium	Tintinnidium_fluviatile
ASV_111	seq111	Eukaryota	TSAR	Alveolata	Ciliophora	Spirotrichea	Choreotrichida-Tintinnina	Tintinnidiidae	Tintinnidium	NA
ASV_112	seq112	Eukaryota	NA	NA	NA	NA	NA	NA	NA	NA
ASV_113	seq113	Eukaryota	TSAR	Alveolata	Ciliophora	Spirotrichea	NA	NA	NA	NA
ASV_114	seq114	Eukaryota	TSAR	Alveolata	Ciliophora	Spirotrichea	Choreotrichida-Tintinnina	Tintinnidiidae	Tintinnidium	NA
ASV_115	seq115	Eukaryota	TSAR	Alveolata	Ciliophora	NA	NA	NA	NA	NA
ASV_116	seq116	Eukaryota	TSAR	Alveolata	Ciliophora	Spirotrichea	NA	NA	NA	NA
ASV_117	seq117	Eukaryota	TSAR	Alveolata	Ciliophora	Spirotrichea	Choreotrichida	Strobilidiidae	Pelagostrobilidium	NA
ASV_118	seq118	Eukaryota	TSAR	Alveolata	Ciliophora	Spirotrichea	NA	NA	NA	NA
ASV_119	seq119	Eukaryota	TSAR	Alveolata	Ciliophora	NA	NA	NA	NA	NA
ASV_120	seq120	Eukaryota	TSAR	Alveolata	Ciliophora	Spirotrichea	NA	NA	NA	NA
ASV_121	seq121	Eukaryota	TSAR	NA	NA	NA	NA	NA	NA	NA
ASV_122	seq122	Eukaryota	Cryptista	Cryptophyta	Cryptophyta_X	Cryptophyceae	Cryptomonadales	Cryptomonadales_X	Cryptomonas	Cryptomonas_parapyrenoidifera
ASV_123	seq123	Eukaryota	TSAR	Alveolata	Ciliophora	NA	NA	NA	NA	NA
ASV_124	seq124	Eukaryota	TSAR	Alveolata	Ciliophora	Spirotrichea	NA	NA	NA	NA
ASV_125	seq125	Eukaryota	TSAR	Alveolata	Ciliophora	NA	NA	NA	NA	NA
ASV_126	seq126	Eukaryota	TSAR	Alveolata	Ciliophora	Oligohymenophorea	Peniculia	Peniculida	Stokesia	Stokesia_vernalis
ASV_127	seq127	Eukaryota	TSAR	Alveolata	Ciliophora	NA	NA	NA	NA	NA
ASV_128	seq128	Eukaryota	TSAR	Alveolata	Ciliophora	Spirotrichea	Oligotrichida	Pelagostrombidiidae	Limnostrombidium	Limnostrombidium_viride
ASV_129	seq129	Eukaryota	TSAR	Alveolata	Ciliophora	Prostomatea	Prostomatea_X	Prostomatea_XX	Hexasterias	Hexasterias_problematica
ASV_130	seq130	Eukaryota	TSAR	Alveolata	Ciliophora	Oligohymenophorea	Peniculia	Peniculida	Stokesia	Stokesia_vernalis
ASV_131	seq131	Eukaryota	TSAR	Alveolata	Ciliophora	NA	NA	NA	NA	NA
ASV_132	seq132	Eukaryota	TSAR	Alveolata	Ciliophora	NA	NA	NA	NA	NA
ASV_133	seq133	Eukaryota	TSAR	Alveolata	Ciliophora	Colpodea	Colpodea_X	Platyophryida	Woodruffides	Woodruffides_metabolicus
ASV_134	seq134	Eukaryota	TSAR	Alveolata	Ciliophora	Spirotrichea	NA	NA	NA	NA
ASV_135	seq135	Eukaryota	TSAR	Alveolata	Ciliophora	Spirotrichea	Choreotrichida-Tintinnina	Tintinnidiidae	Tintinnidium	Tintinnidium_fluviatile
ASV_136	seq136	Eukaryota	TSAR	Alveolata	Ciliophora	Colpodea	Colpodea_X	Platyophryida	Woodruffides	Woodruffides_metabolicus
ASV_137	seq137	Eukaryota	TSAR	Alveolata	Ciliophora	Spirotrichea	Choreotrichida-Tintinnina	Tintinnidiidae	Tintinnidium	Tintinnidium_fluviatile
ASV_138	seq138	Eukaryota	TSAR	Alveolata	Ciliophora	Spirotrichea	NA	NA	NA	NA
ASV_139	seq139	Eukaryota	TSAR	Alveolata	Ciliophora	Spirotrichea	NA	NA	NA	NA
ASV_140	seq140	Eukaryota	TSAR	Alveolata	Ciliophora	Spirotrichea	NA	NA	NA	NA
ASV_141	seq141	Eukaryota	NA	NA	NA	NA	NA	NA	NA	NA
ASV_142	seq142	Eukaryota	TSAR	Alveolata	Ciliophora	Spirotrichea	Choreotrichida-Tintinnina	TIN_10	Tintinnopsis_10	Tintinnopsis_kiangsuensis
ASV_143	seq143	Eukaryota	TSAR	Alveolata	Ciliophora	Spirotrichea	Choreotrichida-Tintinnina	Tintinnidiidae	Tintinnidium	NA
ASV_144	seq144	Eukaryota	TSAR	Alveolata	Ciliophora	Spirotrichea	Choreotrichida-Tintinnina	Tintinnidiidae	Tintinnidium	NA
ASV_145	seq145	Eukaryota	TSAR	Alveolata	Ciliophora	Oligohymenophorea	Peniculia	Peniculida	Stokesia	Stokesia_vernalis
ASV_146	seq146	Eukaryota	TSAR	Alveolata	Ciliophora	Spirotrichea	Choreotrichida-Tintinnina	Tintinnidiidae	Tintinnidium	Tintinnidium_fluviatile
ASV_147	seq147	Eukaryota	TSAR	Alveolata	Ciliophora	NA	NA	NA	NA	NA
ASV_148	seq148	Eukaryota	TSAR	Alveolata	Ciliophora	Spirotrichea	Choreotrichida-Tintinnina	Tintinnidiidae	Tintinnidium	NA
ASV_149	seq149	Eukaryota	TSAR	Alveolata	NA	NA	NA	NA	NA	NA
ASV_150	seq150	Eukaryota	TSAR	Alveolata	Ciliophora	Spirotrichea	Oligotrichida	Pelagostrombidiidae	Limnostrombidium	Limnostrombidium_viride
ASV_151	seq151	Eukaryota	TSAR	Alveolata	Ciliophora	Prostomatea_1	Prostomatea_1_X	Colepidae	Coleps	Coleps_hirtus
ASV_152	seq152	Eukaryota	TSAR	Alveolata	Ciliophora	NA	NA	NA	NA	NA
ASV_153	seq153	Eukaryota	NA	NA	NA	NA	NA	NA	NA	NA
ASV_154	seq154	Eukaryota	TSAR	Alveolata	Ciliophora	Spirotrichea	Choreotrichida-Tintinnina	TIN_10	Tintinnopsis_10	Tintinnopsis_kiangsuensis
ASV_155	seq155	Eukaryota	TSAR	Alveolata	NA	NA	NA	NA	NA	NA
ASV_156	seq156	Eukaryota	TSAR	Alveolata	Ciliophora	Spirotrichea	Oligotrichida	Pelagostrombidiidae	Limnostrombidium	Limnostrombidium_viride
ASV_157	seq157	Eukaryota	TSAR	Alveolata	Ciliophora	Spirotrichea	Choreotrichida-Tintinnina	Tintinnidiidae	Tintinnidium	Tintinnidium_fluviatile
ASV_158	seq158	Eukaryota	Cryptista	Cryptophyta	Cryptophyta_X	Cryptophyceae	Cryptomonadales	Cryptomonadales_X	NA	NA
ASV_159	seq159	Eukaryota	TSAR	Alveolata	Ciliophora	Spirotrichea	Choreotrichida-Tintinnina	Tintinnidiidae	Tintinnidium	Tintinnidium_pusillum
ASV_160	seq160	Eukaryota	TSAR	Alveolata	Ciliophora	Spirotrichea	NA	NA	NA	NA
ASV_161	seq161	Eukaryota	TSAR	Alveolata	Ciliophora	NA	NA	NA	NA	NA
ASV_162	seq162	Eukaryota	TSAR	Alveolata	Ciliophora	Prostomatea	Prostomatea_X	Prostomatea_XX	Hexasterias	Hexasterias_problematica
ASV_163	seq163	Eukaryota	TSAR	Alveolata	Ciliophora	Oligohymenophorea	Peritrichia_1	Trichodinidae	NA	NA
ASV_164	seq164	Eukaryota	TSAR	Alveolata	Ciliophora	Spirotrichea	Choreotrichida-Tintinnina	Tintinnidiidae	Tintinnidium	NA
ASV_165	seq165	Eukaryota	TSAR	Alveolata	Ciliophora	NA	NA	NA	NA	NA
ASV_166	seq166	Eukaryota	TSAR	Alveolata	Ciliophora	Spirotrichea	NA	NA	NA	NA
ASV_167	seq167	Eukaryota	NA	NA	NA	NA	NA	NA	NA	NA
ASV_168	seq168	Eukaryota	TSAR	Alveolata	Ciliophora	NA	NA	NA	NA	NA
ASV_169	seq169	Eukaryota	TSAR	Alveolata	Ciliophora	NA	NA	NA	NA	NA
ASV_170	seq170	Eukaryota	TSAR	Alveolata	Ciliophora	Spirotrichea	NA	NA	NA	NA
ASV_171	seq171	Eukaryota	TSAR	Alveolata	Ciliophora	NA	NA	NA	NA	NA
ASV_172	seq172	Eukaryota	NA	NA	NA	NA	NA	NA	NA	NA
ASV_173	seq173	Eukaryota	TSAR	Alveolata	Ciliophora	Spirotrichea	Choreotrichida-Tintinnina	TIN_10	Tintinnopsis_10	Tintinnopsis_kiangsuensis
ASV_174	seq174	Eukaryota	TSAR	Alveolata	Ciliophora	Spirotrichea	NA	NA	NA	NA
ASV_175	seq175	Eukaryota	TSAR	Alveolata	Ciliophora	Spirotrichea	Hypotrichia	NA	NA	NA
ASV_176	seq176	Eukaryota	NA	NA	NA	NA	NA	NA	NA	NA
ASV_177	seq177	Eukaryota	TSAR	Alveolata	Ciliophora	Spirotrichea	Choreotrichida-Tintinnina	TIN_10	Tintinnopsis_10	Tintinnopsis_kiangsuensis
ASV_178	seq178	Eukaryota	TSAR	Alveolata	Ciliophora	Spirotrichea	NA	NA	NA	NA
ASV_179	seq179	Eukaryota	NA	NA	NA	NA	NA	NA	NA	NA
ASV_180	seq180	Eukaryota	TSAR	Alveolata	Ciliophora	Spirotrichea	Oligotrichida	Pelagostrombidiidae	Limnostrombidium	Limnostrombidium_viride
ASV_181	seq181	Eukaryota	Excavata	Discoba	Euglenozoa	Euglenida	Euglenophyceae	Euglenaceae	Colacium	Colacium_calvum
ASV_182	seq182	Eukaryota	TSAR	Alveolata	Ciliophora	Nassophorea	Nassophorea_X	Nassulida	Naxella	Naxella_paralucida
ASV_183	seq183	Eukaryota	TSAR	Alveolata	Ciliophora	Spirotrichea	NA	NA	NA	NA
ASV_184	seq184	Eukaryota	TSAR	Alveolata	Ciliophora	NA	NA	NA	NA	NA
ASV_185	seq185	Eukaryota	TSAR	Alveolata	Ciliophora	Spirotrichea	Choreotrichida-Tintinnina	Tintinnidiidae	Tintinnidium	NA
ASV_186	seq186	Eukaryota	TSAR	Alveolata	Ciliophora	Spirotrichea	Oligotrichida	Strombidiidae	Pelagostrombidium	Pelagostrombidium_sp.
ASV_187	seq187	Eukaryota	TSAR	Alveolata	Ciliophora	Spirotrichea	Choreotrichida-Tintinnina	Tintinnidiidae	Tintinnidium	Tintinnidium_pusillum
ASV_188	seq188	Eukaryota	TSAR	Alveolata	Ciliophora	Prostomatea	Prostomatea_X	Prostomatea_XX	Hexasterias	Hexasterias_problematica
ASV_189	seq189	Eukaryota	TSAR	Alveolata	Ciliophora	NA	NA	NA	NA	NA
ASV_190	seq190	Eukaryota	TSAR	Alveolata	Ciliophora	Spirotrichea	Oligotrichida	Strombidiidae	Pelagostrombidium	Pelagostrombidium_sp.
ASV_191	seq191	Eukaryota	TSAR	NA	NA	NA	NA	NA	NA	NA
ASV_192	seq192	Eukaryota	TSAR	Alveolata	Ciliophora	Spirotrichea	NA	NA	NA	NA
ASV_193	seq193	Eukaryota	TSAR	Alveolata	Ciliophora	Spirotrichea	Choreotrichida-Tintinnina	Tintinnidiidae	Tintinnidium	NA
ASV_194	seq194	Eukaryota	TSAR	Alveolata	Ciliophora	NA	NA	NA	NA	NA
ASV_195	seq195	Eukaryota	TSAR	Alveolata	Ciliophora	NA	NA	NA	NA	NA
ASV_196	seq196	Eukaryota	TSAR	Alveolata	Ciliophora	Spirotrichea	Hypotrichia	NA	NA	NA
ASV_197	seq197	Eukaryota	Excavata	Discoba	Euglenozoa	Euglenida	Euglenophyceae	Euglenaceae	Colacium	Colacium_calvum
ASV_198	seq198	Eukaryota	TSAR	Alveolata	Ciliophora	Prostomatea	Prostomatea_X	Prostomatea_XX	Hexasterias	Hexasterias_problematica
ASV_199	seq199	Eukaryota	Cryptista	Cryptophyta	Cryptophyta_X	Cryptophyceae	Cryptomonadales	Cryptomonadales_X	Cryptomonas	Cryptomonas_parapyrenoidifera
ASV_200	seq200	Eukaryota	TSAR	Alveolata	Ciliophora	NA	NA	NA	NA	NA
ASV_201	seq201	Eukaryota	TSAR	NA	NA	NA	NA	NA	NA	NA
ASV_202	seq202	Eukaryota	TSAR	Alveolata	Ciliophora	Prostomatea_1	Prostomatea_1_X	Colepidae	Coleps	Coleps_hirtus
ASV_203	seq203	Eukaryota	TSAR	Alveolata	Ciliophora	NA	NA	NA	NA	NA
ASV_204	seq204	Eukaryota	TSAR	Alveolata	Ciliophora	Prostomatea_1	Prostomatea_1_X	Colepidae	Coleps	Coleps_hirtus
ASV_205	seq205	Eukaryota	TSAR	Alveolata	Ciliophora	NA	NA	NA	NA	NA
ASV_206	seq206	Eukaryota	TSAR	Alveolata	Ciliophora	Spirotrichea	Oligotrichida	Strombidiidae	Pelagostrombidium	Pelagostrombidium_sp.
ASV_207	seq207	Eukaryota	Cryptista	Cryptophyta	Cryptophyta_X	Cryptophyceae	Cryptomonadales	Cryptomonadales_X	Cryptomonas	Cryptomonas_parapyrenoidifera
ASV_208	seq208	Eukaryota	TSAR	Alveolata	Ciliophora	Spirotrichea	Hypotrichia	NA	NA	NA
ASV_209	seq209	Eukaryota	TSAR	Alveolata	Ciliophora	Colpodea	Colpodea_X	Platyophryida	Woodruffides	Woodruffides_metabolicus
ASV_210	seq210	Eukaryota	TSAR	Alveolata	Ciliophora	Spirotrichea	Choreotrichida	NA	NA	NA
ASV_211	seq211	Eukaryota	Excavata	Discoba	Euglenozoa	Euglenida	Euglenophyceae	Euglenaceae	Strombomonas	Strombomonas_ovalis
ASV_212	seq212	Eukaryota	TSAR	Alveolata	Ciliophora	NA	NA	NA	NA	NA
ASV_213	seq213	Eukaryota	NA	NA	NA	NA	NA	NA	NA	NA
ASV_214	seq214	Eukaryota	TSAR	Alveolata	Ciliophora	NA	NA	NA	NA	NA
ASV_215	seq215	Eukaryota	TSAR	Alveolata	Ciliophora	Spirotrichea	Choreotrichida-Tintinnina	NA	NA	NA
ASV_216	seq216	Eukaryota	NA	NA	NA	NA	NA	NA	NA	NA
ASV_217	seq217	Eukaryota	TSAR	Alveolata	Ciliophora	NA	NA	NA	NA	NA
ASV_218	seq218	Eukaryota	Excavata	Discoba	Euglenozoa	Euglenida	Euglenophyceae	Euglenaceae	Colacium	Colacium_calvum
ASV_219	seq219	Eukaryota	TSAR	Alveolata	Ciliophora	Spirotrichea	NA	NA	NA	NA
ASV_220	seq220	Eukaryota	NA	NA	NA	NA	NA	NA	NA	NA
ASV_221	seq221	Eukaryota	TSAR	Alveolata	Ciliophora	NA	NA	NA	NA	NA
ASV_222	seq222	Eukaryota	TSAR	Alveolata	Ciliophora	Spirotrichea	Choreotrichida-Tintinnina	Tintinnidiidae	Tintinnidium	NA
ASV_223	seq223	Eukaryota	TSAR	Alveolata	Ciliophora	Spirotrichea	Hypotrichia	Hypotrichia_X	Hypotrichidium	Hypotrichidium_paraconicum
ASV_224	seq224	Eukaryota	TSAR	Alveolata	Ciliophora	NA	NA	NA	NA	NA
ASV_225	seq225	Eukaryota	TSAR	Alveolata	Ciliophora	Prostomatea_1	Prostomatea_1_X	Colepidae	Coleps	Coleps_hirtus
ASV_226	seq226	Eukaryota	TSAR	Alveolata	Ciliophora	NA	NA	NA	NA	NA
ASV_227	seq227	Eukaryota	Excavata	Discoba	Euglenozoa	Euglenida	Euglenophyceae	Euglenaceae	Strombomonas	NA
ASV_228	seq228	Eukaryota	Excavata	Discoba	Euglenozoa	Euglenida	Euglenophyceae	Euglenaceae	Colacium	Colacium_calvum
ASV_229	seq229	Eukaryota	TSAR	Alveolata	Ciliophora	Spirotrichea	NA	NA	NA	NA
ASV_230	seq230	Eukaryota	TSAR	Alveolata	Ciliophora	Spirotrichea	NA	NA	NA	NA
ASV_231	seq231	Eukaryota	TSAR	Alveolata	Ciliophora	Spirotrichea	Choreotrichida-Tintinnina	Tintinnidiidae	Tintinnidium	Tintinnidium_fluviatile
ASV_232	seq232	Eukaryota	TSAR	Alveolata	Ciliophora	Oligohymenophorea	Peniculia	Peniculida	Stokesia	Stokesia_vernalis
ASV_233	seq233	Eukaryota	TSAR	Alveolata	Ciliophora	Spirotrichea	NA	NA	NA	NA
ASV_234	seq234	Eukaryota	TSAR	Alveolata	Ciliophora	Spirotrichea	NA	NA	NA	NA
ASV_235	seq235	Eukaryota	TSAR	Alveolata	Ciliophora	Spirotrichea	Hypotrichia	NA	NA	NA
ASV_236	seq236	Eukaryota	TSAR	Alveolata	Ciliophora	Spirotrichea	Hypotrichia	NA	NA	NA
ASV_237	seq237	Eukaryota	TSAR	Alveolata	Ciliophora	NA	NA	NA	NA	NA
ASV_238	seq238	Eukaryota	Excavata	Discoba	Euglenozoa	Euglenida	Euglenophyceae	Euglenaceae	Trachelomonas	NA
ASV_239	seq239	Eukaryota	TSAR	Alveolata	Ciliophora	NA	NA	NA	NA	NA
ASV_240	seq240	NA	NA	NA	NA	NA	NA	NA	NA	NA
ASV_241	seq241	Eukaryota	TSAR	Alveolata	Ciliophora	Oligohymenophorea	Peniculia	NA	NA	NA
ASV_242	seq242	Eukaryota	NA	NA	NA	NA	NA	NA	NA	NA
ASV_243	seq243	Eukaryota	TSAR	Alveolata	Ciliophora	Spirotrichea	Choreotrichida-Tintinnina	Tintinnidiidae	Tintinnidium	NA
ASV_244	seq244	Eukaryota	TSAR	Alveolata	Ciliophora	Spirotrichea	NA	NA	NA	NA
ASV_245	seq245	Eukaryota	TSAR	Alveolata	Ciliophora	Spirotrichea	Choreotrichida-Tintinnina	Tintinnidiidae	Tintinnidium	NA
ASV_246	seq246	Eukaryota	Obazoa	Opisthokonta	Fungi	Chytridiomycota	NA	NA	NA	NA
ASV_247	seq247	Eukaryota	TSAR	Alveolata	Ciliophora	Spirotrichea	Oligotrichida	Strombidiidae	NA	NA
ASV_248	seq248	Eukaryota	NA	NA	NA	NA	NA	NA	NA	NA
ASV_249	seq249	Eukaryota	TSAR	Alveolata	Ciliophora	Prostomatea	Prostomatea_X	Prostomatea_XX	Hexasterias	Hexasterias_problematica
ASV_250	seq250	Eukaryota	TSAR	Alveolata	Ciliophora	Spirotrichea	Oligotrichida	Strombidiidae	Pelagostrombidium	Pelagostrombidium_sp.
ASV_251	seq251	Eukaryota	TSAR	Alveolata	Ciliophora	Spirotrichea	NA	NA	NA	NA
ASV_252	seq252	Eukaryota	TSAR	Alveolata	Ciliophora	Spirotrichea	Choreotrichida-Tintinnina	NA	NA	NA
ASV_253	seq253	Eukaryota	TSAR	Alveolata	Ciliophora	NA	NA	NA	NA	NA
ASV_254	seq254	Eukaryota	NA	NA	NA	NA	NA	NA	NA	NA
ASV_255	seq255	Eukaryota	TSAR	Alveolata	Ciliophora	Oligohymenophorea	Peritrichia_1	Trichodinidae	NA	NA
ASV_256	seq256	Eukaryota	Excavata	Discoba	Euglenozoa	Euglenida	Euglenophyceae	Euglenaceae	Euglena	Euglena_tristella
ASV_257	seq257	Eukaryota	NA	NA	NA	NA	NA	NA	NA	NA
ASV_258	seq258	Eukaryota	TSAR	Alveolata	Ciliophora	Spirotrichea	Hypotrichia	NA	NA	NA
ASV_259	seq259	Eukaryota	TSAR	Alveolata	Ciliophora	NA	NA	NA	NA	NA
ASV_260	seq260	Eukaryota	TSAR	Alveolata	Ciliophora	NA	NA	NA	NA	NA
ASV_261	seq261	Eukaryota	TSAR	Alveolata	Ciliophora	Prostomatea	Prostomatea_X	Prostomatea_XX	Hexasterias	Hexasterias_problematica
ASV_262	seq262	Eukaryota	TSAR	Alveolata	Ciliophora	Spirotrichea	NA	NA	NA	NA
ASV_263	seq263	Eukaryota	TSAR	Alveolata	Ciliophora	Spirotrichea	Hypotrichia	NA	NA	NA
ASV_264	seq264	Eukaryota	TSAR	Alveolata	Ciliophora	Spirotrichea	Hypotrichia	Oxytrichidae	NA	NA
ASV_265	seq265	NA	NA	NA	NA	NA	NA	NA	NA	NA
ASV_266	seq266	Eukaryota	TSAR	Alveolata	Ciliophora	Spirotrichea	NA	NA	NA	NA
ASV_267	seq267	Eukaryota	TSAR	Alveolata	Ciliophora	NA	NA	NA	NA	NA
ASV_268	seq268	Eukaryota	NA	NA	NA	NA	NA	NA	NA	NA
ASV_269	seq269	Eukaryota	NA	NA	NA	NA	NA	NA	NA	NA
ASV_270	seq270	Eukaryota	Excavata	Discoba	Euglenozoa	Euglenida	Euglenophyceae	Phacaceae	Phacus	Phacus_platyaulax
ASV_271	seq271	Eukaryota	TSAR	Alveolata	Ciliophora	Spirotrichea	NA	NA	NA	NA
ASV_272	seq272	Eukaryota	NA	NA	NA	NA	NA	NA	NA	NA
ASV_273	seq273	Eukaryota:plas	TSAR:plas	Stramenopiles:plas	Gyrista:plas	Coscinodiscophyceae:plas	Aulacoseirales:plas	Aulacoseiraceae:plas	Aulacoseira:plas	Aulacoseira_granulata:plas
ASV_274	seq274	Eukaryota	NA	NA	NA	NA	NA	NA	NA	NA
ASV_275	seq275	Eukaryota	TSAR	Alveolata	Ciliophora	Oligohymenophorea	NA	NA	NA	NA
ASV_276	seq276	Eukaryota	TSAR	Alveolata	Ciliophora	Spirotrichea	Hypotrichia	NA	NA	NA
ASV_277	seq277	Eukaryota	TSAR	Alveolata	Ciliophora	Prostomatea_1	Prostomatea_1_X	Colepidae	Coleps	Coleps_hirtus
ASV_278	seq278	Eukaryota	TSAR	Alveolata	Ciliophora	NA	NA	NA	NA	NA
ASV_279	seq279	Eukaryota	TSAR	Alveolata	Ciliophora	Colpodea	Colpodea_X	Platyophryida	Woodruffides	Woodruffides_metabolicus
ASV_280	seq280	Eukaryota	TSAR	Alveolata	Ciliophora	Colpodea	Colpodea_X	Platyophryida	Woodruffides	Woodruffides_metabolicus
ASV_281	seq281	Eukaryota	TSAR	Alveolata	Ciliophora	NA	NA	NA	NA	NA
ASV_282	seq282	Eukaryota	Excavata	Discoba	Euglenozoa	Euglenida	Euglenophyceae	Euglenaceae	Trachelomonas	NA
ASV_283	seq283	Eukaryota	NA	NA	NA	NA	NA	NA	NA	NA
ASV_284	seq284	Eukaryota	Excavata	Discoba	Euglenozoa	Euglenida	Euglenophyceae	Euglenaceae	Colacium	Colacium_calvum
ASV_285	seq285	Eukaryota	TSAR	Alveolata	Ciliophora	Spirotrichea	NA	NA	NA	NA
ASV_286	seq286	Eukaryota	TSAR	Alveolata	Ciliophora	Spirotrichea	NA	NA	NA	NA
ASV_287	seq287	Eukaryota	TSAR	Alveolata	Ciliophora	Spirotrichea	NA	NA	NA	NA
ASV_288	seq288	Eukaryota	TSAR	Alveolata	Ciliophora	Spirotrichea	Choreotrichida-Tintinnina	Tintinnidiidae	Tintinnidium	NA
ASV_289	seq289	Eukaryota	TSAR	Alveolata	Ciliophora	Spirotrichea	Choreotrichida-Tintinnina	Tintinnidiidae	Tintinnidium	Tintinnidium_fluviatile
ASV_290	seq290	Eukaryota	TSAR	Alveolata	Ciliophora	Spirotrichea	NA	NA	NA	NA
ASV_291	seq291	Eukaryota	Excavata	Discoba	Euglenozoa	Euglenida	Euglenophyceae	NA	NA	NA
ASV_292	seq292	Eukaryota	TSAR	Alveolata	Ciliophora	Spirotrichea	Hypotrichia	NA	NA	NA
ASV_293	seq293	Eukaryota	TSAR	Alveolata	Ciliophora	Spirotrichea	Choreotrichida-Tintinnina	Tintinnidiidae	Tintinnidium	NA
ASV_294	seq294	Eukaryota	TSAR	Alveolata	Ciliophora	NA	NA	NA	NA	NA
ASV_295	seq295	Eukaryota	TSAR	Alveolata	Ciliophora	Spirotrichea	Hypotrichia	Oxytrichidae	NA	NA
ASV_296	seq296	Eukaryota	NA	NA	NA	NA	NA	NA	NA	NA
ASV_297	seq297	Eukaryota	TSAR	Alveolata	Ciliophora	Spirotrichea	Hypotrichia	NA	NA	NA
ASV_298	seq298	Eukaryota	TSAR	Alveolata	Ciliophora	Spirotrichea	Choreotrichida-Tintinnina	Tintinnidiidae	Tintinnidium	Tintinnidium_pusillum
ASV_299	seq299	Eukaryota	TSAR	Alveolata	Ciliophora	Colpodea	Colpodea_X	Platyophryida	Woodruffides	Woodruffides_metabolicus
ASV_300	seq300	Eukaryota	TSAR	Alveolata	Ciliophora	Spirotrichea	Choreotrichida-Tintinnina	TIN_10	Tintinnopsis_10	NA
ASV_301	seq301	Eukaryota	TSAR	Alveolata	Ciliophora	Spirotrichea	Oligotrichida	Strombidiidae	Pelagostrombidium	Pelagostrombidium_sp.
ASV_302	seq302	Eukaryota	TSAR	Alveolata	Ciliophora	NA	NA	NA	NA	NA
ASV_303	seq303	Eukaryota	TSAR	Alveolata	Ciliophora	Spirotrichea	Choreotrichida-Tintinnina	Tintinnidiidae	Tintinnidium	NA
ASV_304	seq304	Eukaryota	Excavata	Discoba	Euglenozoa	Euglenida	Euglenophyceae	Phacaceae	NA	NA
ASV_305	seq305	Eukaryota	NA	NA	NA	NA	NA	NA	NA	NA
ASV_306	seq306	Eukaryota	TSAR	Alveolata	Ciliophora	NA	NA	NA	NA	NA
ASV_307	seq307	Eukaryota	TSAR	Alveolata	Ciliophora	NA	NA	NA	NA	NA
ASV_308	seq308	Eukaryota	TSAR	Alveolata	Ciliophora	NA	NA	NA	NA	NA
ASV_309	seq309	Eukaryota	NA	NA	NA	NA	NA	NA	NA	NA
ASV_310	seq310	Eukaryota	TSAR	Alveolata	Ciliophora	Spirotrichea	Oligotrichida	Pelagostrombidiidae	Limnostrombidium	Limnostrombidium_viride
ASV_311	seq311	Eukaryota	TSAR	Alveolata	Ciliophora	Spirotrichea	Choreotrichida-Tintinnina	Tintinnidiidae	Tintinnidium	NA
ASV_312	seq312	Eukaryota	TSAR	Alveolata	Ciliophora	NA	NA	NA	NA	NA
ASV_313	seq313	Eukaryota	TSAR	Alveolata	Ciliophora	Colpodea	Colpodea_X	Platyophryida	Woodruffides	Woodruffides_metabolicus
ASV_314	seq314	Eukaryota	TSAR	Alveolata	Ciliophora	NA	NA	NA	NA	NA
ASV_315	seq315	NA	NA	NA	NA	NA	NA	NA	NA	NA
ASV_316	seq316	Eukaryota	Excavata	Discoba	Euglenozoa	Euglenida	Euglenophyceae	Euglenaceae	NA	NA
ASV_317	seq317	Eukaryota	TSAR	Alveolata	Ciliophora	Spirotrichea	NA	NA	NA	NA
ASV_318	seq318	Eukaryota	TSAR	Alveolata	Ciliophora	Spirotrichea	NA	NA	NA	NA
ASV_319	seq319	Eukaryota	TSAR	Alveolata	Ciliophora	Spirotrichea	Hypotrichia	NA	NA	NA
ASV_320	seq320	Eukaryota	TSAR	Alveolata	Ciliophora	Phyllopharyngea	Suctoria	NA	NA	NA
ASV_321	seq321	Eukaryota	TSAR	Alveolata	Ciliophora	Colpodea	Colpodea_X	Platyophryida	Woodruffides	Woodruffides_metabolicus
ASV_322	seq322	Eukaryota	Excavata	Discoba	Euglenozoa	Euglenida	Euglenophyceae	NA	NA	NA
ASV_323	seq323	Eukaryota	TSAR	Alveolata	Ciliophora	Spirotrichea	NA	NA	NA	NA
ASV_324	seq324	Eukaryota	Excavata	Discoba	Euglenozoa	Euglenida	Euglenophyceae	Euglenaceae	Colacium	Colacium_calvum
ASV_325	seq325	Eukaryota	TSAR	Alveolata	Ciliophora	NA	NA	NA	NA	NA
ASV_326	seq326	Eukaryota	TSAR	Alveolata	Ciliophora	Oligohymenophorea	Peniculia	NA	NA	NA
ASV_327	seq327	Eukaryota	TSAR	Alveolata	Ciliophora	NA	NA	NA	NA	NA
ASV_328	seq328	Bacteria	NA	NA	NA	NA	NA	NA	NA	NA
ASV_329	seq329	Eukaryota	Excavata	Discoba	Euglenozoa	Euglenida	Euglenophyceae	Phacaceae	Phacus	Phacus_pusillus
ASV_330	seq330	Eukaryota	TSAR	Alveolata	Ciliophora	Prostomatea	Prostomatea_X	Prostomatea_XX	Hexasterias	Hexasterias_problematica
ASV_331	seq331	Bacteria	PANNAM	Proteobacteria	Proteobacteria_X	NA	NA	NA	NA	NA
ASV_332	seq332	Eukaryota	Excavata	Discoba	Euglenozoa	Euglenida	Euglenophyceae	Euglenaceae	Trachelomonas	NA
ASV_333	seq333	Eukaryota	TSAR	Alveolata	Ciliophora	Prostomatea_1	Prostomatea_1_X	Colepidae	Coleps	Coleps_hirtus
ASV_334	seq334	Eukaryota	TSAR	Alveolata	Ciliophora	Spirotrichea	Oligotrichida	Pelagostrombidiidae	Limnostrombidium	Limnostrombidium_viride
ASV_335	seq335	Eukaryota	TSAR	Alveolata	Ciliophora	NA	NA	NA	NA	NA
ASV_336	seq336	Eukaryota	TSAR	Alveolata	Ciliophora	NA	NA	NA	NA	NA
ASV_337	seq337	Eukaryota	TSAR	Alveolata	Ciliophora	Spirotrichea	NA	NA	NA	NA
ASV_338	seq338	Eukaryota	Archaeplastida	Chlorophyta	Chlorophyta_X	Trebouxiophyceae	Chlorellales	Chlorellales_X	NA	NA
ASV_339	seq339	Eukaryota	Obazoa	Opisthokonta	NA	NA	NA	NA	NA	NA
ASV_340	seq340	Eukaryota	TSAR	Alveolata	Ciliophora	Spirotrichea	NA	NA	NA	NA
ASV_341	seq341	Eukaryota	TSAR	Alveolata	Ciliophora	Nassophorea	Nassophorea_X	NA	NA	NA
ASV_342	seq342	Eukaryota	TSAR	Alveolata	Ciliophora	Spirotrichea	NA	NA	NA	NA
ASV_343	seq343	Eukaryota	Obazoa	Opisthokonta	Fungi	Chytridiomycota	NA	NA	NA	NA
ASV_344	seq344	Eukaryota	Excavata	Discoba	Euglenozoa	Euglenida	Euglenophyceae	Phacaceae	NA	NA
ASV_345	seq345	Eukaryota	Cryptista	Cryptophyta	Cryptophyta_X	Cryptophyceae	Cryptomonadales	Cryptomonadales_X	NA	NA
ASV_346	seq346	Eukaryota	Obazoa	Opisthokonta	Fungi	NA	NA	NA	NA	NA
ASV_347	seq347	Bacteria	CMS	Cyanobacteria	Cyanobacteria_X	Cyanophyceae	Nostocales	Microcystaceae	Microcystis_PCC7914	Microcystis_PCC7914_sp.
ASV_348	seq348	Eukaryota	Excavata	Discoba	Euglenozoa	Euglenida	Euglenophyceae	Euglenaceae	Colacium	Colacium_calvum
ASV_349	seq349	Eukaryota	NA	NA	NA	NA	NA	NA	NA	NA
ASV_350	seq350	Eukaryota	TSAR	Alveolata	Ciliophora	Colpodea	Colpodea_X	Platyophryida	Woodruffides	Woodruffides_metabolicus
ASV_351	seq351	Eukaryota	TSAR	Alveolata	Ciliophora	Oligohymenophorea	Peritrichia_1	NA	NA	NA
ASV_352	seq352	Eukaryota	TSAR	Alveolata	Ciliophora	NA	NA	NA	NA	NA
ASV_353	seq353	Eukaryota	NA	NA	NA	NA	NA	NA	NA	NA
ASV_354	seq354	Eukaryota	TSAR	Alveolata	Ciliophora	Spirotrichea	Hypotrichia	NA	NA	NA
ASV_355	seq355	Eukaryota	TSAR	Alveolata	Ciliophora	Spirotrichea	NA	NA	NA	NA
ASV_356	seq356	Eukaryota	NA	NA	NA	NA	NA	NA	NA	NA
ASV_357	seq357	Eukaryota	TSAR	Alveolata	Ciliophora	Prostomatea_3	Prostomatea_3_X	Holophryidae	Pelagothrix	Pelagothrix_alveolata
ASV_358	seq358	Eukaryota	TSAR	Alveolata	Ciliophora	Spirotrichea	Hypotrichia	NA	NA	NA
ASV_359	seq359	Eukaryota	NA	NA	NA	NA	NA	NA	NA	NA
ASV_360	seq360	Eukaryota	TSAR	Alveolata	Ciliophora	Spirotrichea	Choreotrichida-Tintinnina	Tintinnidiidae	Tintinnidium	NA
ASV_361	seq361	Eukaryota	Obazoa	Opisthokonta	Fungi	NA	NA	NA	NA	NA
ASV_362	seq362	Eukaryota	TSAR	Alveolata	Ciliophora	Oligohymenophorea	Peniculia	Peniculida	Stokesia	Stokesia_vernalis
ASV_363	seq363	Eukaryota	NA	NA	NA	NA	NA	NA	NA	NA
ASV_364	seq364	Eukaryota	TSAR	Alveolata	Ciliophora	Spirotrichea	Choreotrichida	Strobilidiidae	Pelagostrobilidium	NA
ASV_365	seq365	Eukaryota	TSAR	Alveolata	Ciliophora	NA	NA	NA	NA	NA
ASV_366	seq366	Eukaryota	TSAR	Alveolata	Ciliophora	Spirotrichea	Oligotrichida	Pelagostrombidiidae	Limnostrombidium	Limnostrombidium_viride
ASV_367	seq367	Eukaryota	TSAR	Alveolata	Ciliophora	Spirotrichea	Hypotrichia	NA	NA	NA
ASV_368	seq368	Eukaryota	Excavata	Discoba	Euglenozoa	Kinetoplastea	Neobodonida	Rhynchomonadidae	Rhynchomonas	Rhynchomonas_nasuta
ASV_369	seq369	Eukaryota	TSAR	Alveolata	Ciliophora	NA	NA	NA	NA	NA
ASV_370	seq370	Eukaryota	TSAR	Alveolata	Ciliophora	Spirotrichea	NA	NA	NA	NA
ASV_371	seq371	Eukaryota	Excavata	Discoba	Euglenozoa	Euglenida	Euglenophyceae	Phacaceae	Phacus	NA
ASV_372	seq372	Eukaryota	Cryptista	Cryptophyta	Cryptophyta_X	Cryptophyceae	Cryptomonadales	Cryptomonadales_X	Cryptomonas	Cryptomonas_parapyrenoidifera
ASV_373	seq373	Eukaryota	Cryptista	Cryptophyta	Cryptophyta_X	Cryptophyceae	Cryptomonadales	Cryptomonadales_X	Cryptomonas	NA
ASV_374	seq374	Eukaryota	NA	NA	NA	NA	NA	NA	NA	NA
ASV_375	seq375	Eukaryota	TSAR	Alveolata	Ciliophora	NA	NA	NA	NA	NA
ASV_376	seq376	Eukaryota	TSAR	Alveolata	Ciliophora	Spirotrichea	Choreotrichida-Tintinnina	Tintinnidiidae	Tintinnidium	Tintinnidium_pusillum
ASV_377	seq377	Eukaryota	TSAR	Alveolata	Ciliophora	NA	NA	NA	NA	NA
ASV_378	seq378	Eukaryota	TSAR	Alveolata	Ciliophora	Oligohymenophorea	Peritrichia_1	Trichodinidae	NA	NA
ASV_379	seq379	NA	NA	NA	NA	NA	NA	NA	NA	NA
ASV_380	seq380	Eukaryota	Excavata	Discoba	Euglenozoa	Euglenida	Euglenophyceae	Phacaceae	Phacus	Phacus_platyaulax
ASV_381	seq381	Eukaryota	Excavata	Discoba	Euglenozoa	Euglenida	Euglenophyceae	Phacaceae	Phacus	Phacus_platyaulax
ASV_382	seq382	Eukaryota	TSAR	Alveolata	Ciliophora	Spirotrichea	Choreotrichida-Tintinnina	Tintinnidiidae	Tintinnidium	Tintinnidium_pusillum
ASV_383	seq383	Eukaryota	TSAR	Alveolata	Ciliophora	Spirotrichea	NA	NA	NA	NA
ASV_384	seq384	Eukaryota	NA	NA	NA	NA	NA	NA	NA	NA
ASV_385	seq385	Eukaryota	Excavata	Discoba	Euglenozoa	Euglenida	Euglenophyceae	Phacaceae	Phacus	NA
ASV_386	seq386	Eukaryota	TSAR	Alveolata	Ciliophora	Prostomatea	Prostomatea_X	Prostomatea_XX	Hexasterias	Hexasterias_problematica
ASV_387	seq387	Eukaryota	TSAR	Alveolata	Ciliophora	Spirotrichea	Oligotrichida	NA	NA	NA
ASV_388	seq388	Eukaryota	TSAR	Alveolata	Ciliophora	Spirotrichea	Choreotrichida	Strobilidiidae	Pelagostrobilidium	NA
ASV_389	seq389	Eukaryota	TSAR	Alveolata	Ciliophora	Spirotrichea	Oligotrichida	Pelagostrombidiidae	Limnostrombidium	Limnostrombidium_viride
ASV_390	seq390	Eukaryota	TSAR	NA	NA	NA	NA	NA	NA	NA
ASV_391	seq391	Eukaryota	TSAR	Alveolata	Ciliophora	Spirotrichea	NA	NA	NA	NA
ASV_392	seq392	Eukaryota	TSAR	Alveolata	Ciliophora	Spirotrichea	Hypotrichia	NA	NA	NA
ASV_393	seq393	Eukaryota	TSAR	Alveolata	Ciliophora	Spirotrichea	Hypotrichia	Spirofilidae	NA	NA
ASV_394	seq394	Eukaryota	TSAR	Alveolata	Ciliophora	NA	NA	NA	NA	NA
ASV_395	seq395	Eukaryota	TSAR	Alveolata	Ciliophora	Spirotrichea	Hypotrichia	NA	NA	NA
ASV_396	seq396	Eukaryota	TSAR	Alveolata	Ciliophora	Spirotrichea	Choreotrichida-Tintinnina	TIN_10	Tintinnopsis_10	Tintinnopsis_kiangsuensis
ASV_397	seq397	Eukaryota	TSAR	Alveolata	Ciliophora	NA	NA	NA	NA	NA
ASV_398	seq398	Eukaryota	Excavata	Discoba	Euglenozoa	Kinetoplastea	Neobodonida	Rhynchomonadidae	Rhynchomonas	Rhynchomonas_nasuta
ASV_399	seq399	Eukaryota	TSAR	Alveolata	Ciliophora	NA	NA	NA	NA	NA
ASV_400	seq400	Eukaryota	TSAR	Alveolata	NA	NA	NA	NA	NA	NA
ASV_401	seq401	Eukaryota	TSAR	Alveolata	Ciliophora	Spirotrichea	Hypotrichia	NA	NA	NA
ASV_402	seq402	Bacteria	CMS	Cyanobacteria	Cyanobacteria_X	Cyanophyceae	Synechococcales	Cyanobiaceae	Cyanobium_PCC6307	Cyanobium_PCC6307_sp.
ASV_403	seq403	Eukaryota	TSAR	Alveolata	Ciliophora	NA	NA	NA	NA	NA
ASV_404	seq404	Eukaryota	TSAR	NA	NA	NA	NA	NA	NA	NA
ASV_405	seq405	Eukaryota	Excavata	Discoba	Euglenozoa	Euglenida	Euglenophyceae	NA	NA	NA
ASV_406	seq406	Eukaryota	Excavata	Discoba	Euglenozoa	Euglenida	Euglenophyceae	Phacaceae	Phacus	Phacus_pusillus
ASV_407	seq407	Eukaryota	TSAR	Alveolata	Ciliophora	NA	NA	NA	NA	NA
ASV_408	seq408	Eukaryota	TSAR	Alveolata	Ciliophora	Spirotrichea	Oligotrichida	Strombidiidae	NA	NA
ASV_409	seq409	Eukaryota	TSAR	Alveolata	Ciliophora	NA	NA	NA	NA	NA
ASV_410	seq410	Eukaryota	NA	NA	NA	NA	NA	NA	NA	NA
ASV_411	seq411	Eukaryota	TSAR	Alveolata	Ciliophora	Spirotrichea	Hypotrichia	NA	NA	NA
ASV_412	seq412	Eukaryota	TSAR	Alveolata	Ciliophora	Spirotrichea	Choreotrichida-Tintinnina	Tintinnidiidae	Tintinnidium	NA
ASV_413	seq413	Eukaryota	TSAR	Alveolata	Ciliophora	Spirotrichea	NA	NA	NA	NA
ASV_414	seq414	Eukaryota	TSAR	Alveolata	Ciliophora	Spirotrichea	NA	NA	NA	NA
ASV_415	seq415	Eukaryota	TSAR	Alveolata	Ciliophora	Prostomatea_1	Prostomatea_1_X	Colepidae	Coleps	Coleps_hirtus
ASV_416	seq416	Eukaryota	TSAR	Alveolata	Ciliophora	NA	NA	NA	NA	NA
ASV_417	seq417	Eukaryota	TSAR	Alveolata	Ciliophora	Spirotrichea	NA	NA	NA	NA
ASV_418	seq418	NA	NA	NA	NA	NA	NA	NA	NA	NA
ASV_419	seq419	Eukaryota	TSAR	Alveolata	Ciliophora	NA	NA	NA	NA	NA
ASV_420	seq420	Eukaryota	TSAR	Alveolata	Ciliophora	Spirotrichea	Hypotrichia	NA	NA	NA
ASV_421	seq421	Eukaryota	Excavata	Discoba	Euglenozoa	Euglenida	Euglenophyceae	Euglenaceae	NA	NA
ASV_422	seq422	Eukaryota	TSAR	Alveolata	Ciliophora	NA	NA	NA	NA	NA
ASV_423	seq423	Eukaryota	TSAR	Alveolata	Ciliophora	Oligohymenophorea	Peritrichia_1	Trichodinidae	NA	NA
ASV_424	seq424	Eukaryota	Excavata	Discoba	Euglenozoa	Euglenida	Euglenophyceae	Phacaceae	NA	NA
ASV_425	seq425	Eukaryota	TSAR	Alveolata	Ciliophora	NA	NA	NA	NA	NA
ASV_426	seq426	Eukaryota	NA	NA	NA	NA	NA	NA	NA	NA
ASV_427	seq427	Eukaryota	Excavata	Discoba	Euglenozoa	Euglenida	Euglenophyceae	Euglenaceae	Euglena	Euglena_archaeoplastidiata
ASV_428	seq428	Eukaryota:plas	TSAR:plas	Stramenopiles:plas	Gyrista:plas	Mediophyceae:plas	Thalassiosirales:plas	Thalassiosiraceae:plas	Thalassiosira:plas	Thalassiosira_sp.:plas
ASV_429	seq429	Eukaryota	TSAR	Alveolata	Ciliophora	Spirotrichea	Choreotrichida-Tintinnina	Tintinnidiidae	Tintinnidium	NA
ASV_430	seq430	Eukaryota	TSAR	Alveolata	Ciliophora	Spirotrichea	Choreotrichida-Tintinnina	Tintinnidiidae	Tintinnidium	NA
ASV_431	seq431	Eukaryota	TSAR	Alveolata	Ciliophora	Spirotrichea	NA	NA	NA	NA
ASV_432	seq432	Eukaryota	NA	NA	NA	NA	NA	NA	NA	NA
ASV_433	seq433	Eukaryota	NA	NA	NA	NA	NA	NA	NA	NA
ASV_434	seq434	Eukaryota	Cryptista	Cryptophyta	Cryptophyta_X	Cryptophyceae	Cryptomonadales	Cryptomonadales_X	Cryptomonas	NA
ASV_435	seq435	Eukaryota	TSAR	Alveolata	Ciliophora	Spirotrichea	NA	NA	NA	NA
ASV_436	seq436	Eukaryota	TSAR	Alveolata	Ciliophora	Oligohymenophorea	Peritrichia_1	Trichodinidae	NA	NA
ASV_437	seq437	Eukaryota	TSAR	Alveolata	Ciliophora	NA	NA	NA	NA	NA
ASV_438	seq438	Eukaryota	TSAR	Alveolata	Ciliophora	Spirotrichea	Choreotrichida-Tintinnina	Tintinnidiidae	Tintinnidium	NA
ASV_439	seq439	Eukaryota	NA	NA	NA	NA	NA	NA	NA	NA
ASV_440	seq440	Eukaryota	Excavata	Discoba	Euglenozoa	Euglenida	NA	NA	NA	NA
ASV_441	seq441	Eukaryota	Excavata	Discoba	Euglenozoa	Euglenida	Euglenophyceae	Euglenaceae	Strombomonas	NA
ASV_442	seq442	Eukaryota	TSAR	Alveolata	Ciliophora	Spirotrichea	Choreotrichida-Tintinnina	Tintinnidiidae	Tintinnidium	NA
ASV_443	seq443	Eukaryota	Obazoa	Opisthokonta	NA	NA	NA	NA	NA	NA
ASV_444	seq444	Eukaryota	NA	NA	NA	NA	NA	NA	NA	NA
ASV_445	seq445	Eukaryota	TSAR	Alveolata	Ciliophora	Phyllopharyngea	Suctoria	NA	NA	NA
ASV_446	seq446	Eukaryota	TSAR	Alveolata	Ciliophora	Spirotrichea	NA	NA	NA	NA
ASV_447	seq447	NA	NA	NA	NA	NA	NA	NA	NA	NA
ASV_448	seq448	Eukaryota	TSAR	Alveolata	Ciliophora	Spirotrichea	Hypotrichia	NA	NA	NA
ASV_449	seq449	Eukaryota	TSAR	Alveolata	Ciliophora	Spirotrichea	Oligotrichida	Pelagostrombidiidae	Limnostrombidium	Limnostrombidium_viride
ASV_450	seq450	Eukaryota	Excavata	Discoba	Euglenozoa	Euglenida	Euglenophyceae	Phacaceae	NA	NA
ASV_451	seq451	Eukaryota	TSAR	Alveolata	Ciliophora	NA	NA	NA	NA	NA
ASV_452	seq452	Eukaryota	Excavata	Discoba	Euglenozoa	Euglenida	Euglenophyceae	Phacaceae	NA	NA
ASV_453	seq453	Eukaryota	TSAR	Alveolata	Ciliophora	Oligohymenophorea	Peniculia	Peniculida	Stokesia	Stokesia_vernalis
ASV_454	seq454	Eukaryota	NA	NA	NA	NA	NA	NA	NA	NA
ASV_455	seq455	Eukaryota	Excavata	Discoba	Euglenozoa	Euglenida	Euglenophyceae	Phacaceae	NA	NA
ASV_456	seq456	Eukaryota	TSAR	Alveolata	Ciliophora	Spirotrichea	Hypotrichia	NA	NA	NA
ASV_457	seq457	Eukaryota	Excavata	Discoba	Euglenozoa	Euglenida	Euglenophyceae	Phacaceae	Phacus	NA
ASV_458	seq458	Eukaryota	TSAR	Alveolata	Ciliophora	Oligohymenophorea	Peritrichia_1	Trichodinidae	NA	NA
ASV_459	seq459	Eukaryota	NA	NA	NA	NA	NA	NA	NA	NA
ASV_460	seq460	Eukaryota	TSAR	Alveolata	Ciliophora	Spirotrichea	NA	NA	NA	NA
ASV_461	seq461	Eukaryota	Excavata	Discoba	Euglenozoa	Euglenida	Euglenophyceae	Phacaceae	Phacus	NA
ASV_462	seq462	Eukaryota	TSAR	Alveolata	Ciliophora	NA	NA	NA	NA	NA
ASV_463	seq463	Eukaryota	TSAR	Alveolata	Ciliophora	Oligohymenophorea	NA	NA	NA	NA
ASV_464	seq464	Eukaryota	TSAR	Alveolata	Ciliophora	NA	NA	NA	NA	NA
ASV_465	seq465	Eukaryota	TSAR	Alveolata	Ciliophora	Spirotrichea	Hypotrichia	NA	NA	NA
ASV_466	seq466	Eukaryota	TSAR	Alveolata	Ciliophora	Spirotrichea	NA	NA	NA	NA
ASV_467	seq467	Eukaryota	TSAR	Alveolata	Ciliophora	Oligohymenophorea	Peritrichia_1	Trichodinidae	NA	NA
ASV_468	seq468	Eukaryota	TSAR	Alveolata	Ciliophora	Spirotrichea	Choreotrichida	NA	NA	NA
ASV_469	seq469	Eukaryota	TSAR	Alveolata	Ciliophora	Spirotrichea	NA	NA	NA	NA
ASV_470	seq470	Eukaryota	NA	NA	NA	NA	NA	NA	NA	NA
ASV_471	seq471	Eukaryota	TSAR	Alveolata	Ciliophora	Spirotrichea	Hypotrichia	NA	NA	NA
ASV_472	seq472	Eukaryota	TSAR	Alveolata	Ciliophora	Oligohymenophorea	Peritrichia_1	Trichodinidae	NA	NA
ASV_473	seq473	Eukaryota	TSAR	Alveolata	Ciliophora	Spirotrichea	Oligotrichida	Strombidiidae	NA	NA
ASV_474	seq474	Eukaryota	NA	NA	NA	NA	NA	NA	NA	NA
ASV_475	seq475	Eukaryota	Excavata	Discoba	Euglenozoa	Euglenida	Euglenophyceae	Euglenaceae	Euglena	Euglena_tristella
ASV_476	seq476	Eukaryota	Excavata	Discoba	Euglenozoa	Euglenida	Euglenophyceae	Euglenaceae	Trachelomonas	NA
ASV_477	seq477	Eukaryota	TSAR	Alveolata	Ciliophora	Spirotrichea	Hypotrichia	NA	NA	NA
ASV_478	seq478	Eukaryota	Cryptista	Cryptophyta	Cryptophyta_X	Cryptophyceae	Cryptomonadales	Cryptomonadales_X	Cryptomonas	Cryptomonas_parapyrenoidifera
ASV_479	seq479	Eukaryota	TSAR	Alveolata	Ciliophora	Spirotrichea	Oligotrichida	Pelagostrombidiidae	Limnostrombidium	Limnostrombidium_viride
ASV_480	seq480	Eukaryota	TSAR	Alveolata	Ciliophora	Oligohymenophorea	NA	NA	NA	NA
ASV_481	seq481	Eukaryota	Excavata	Discoba	Euglenozoa	Kinetoplastea	Neobodonida	Rhynchomonadidae	Rhynchomonas	Rhynchomonas_nasuta
ASV_482	seq482	Eukaryota	TSAR	Alveolata	Ciliophora	NA	NA	NA	NA	NA
ASV_483	seq483	Eukaryota	Excavata	Discoba	Euglenozoa	Euglenida	Euglenophyceae	Euglenaceae	Strombomonas	Strombomonas_ovalis
ASV_484	seq484	Eukaryota	Excavata	Discoba	Euglenozoa	Euglenida	Euglenophyceae	Phacaceae	Phacus	Phacus_pusillus
ASV_485	seq485	Eukaryota	TSAR	Alveolata	Ciliophora	Prostomatea_3	Prostomatea_3_X	Holophryidae	Pelagothrix	Pelagothrix_alveolata
ASV_486	seq486	Eukaryota	TSAR	Alveolata	Ciliophora	Spirotrichea	Hypotrichia	NA	NA	NA
ASV_487	seq487	Eukaryota	TSAR	Alveolata	Ciliophora	Spirotrichea	Hypotrichia	NA	NA	NA
ASV_488	seq488	Eukaryota:plas	TSAR:plas	Stramenopiles:plas	Gyrista:plas	Mediophyceae:plas	Thalassiosirales:plas	Thalassiosiraceae:plas	Thalassiosira:plas	Thalassiosira_sp.:plas
ASV_489	seq489	Eukaryota	TSAR	Alveolata	Ciliophora	Spirotrichea	NA	NA	NA	NA
ASV_490	seq490	Eukaryota	TSAR	Alveolata	Ciliophora	NA	NA	NA	NA	NA
ASV_491	seq491	Eukaryota:plas	TSAR:plas	Stramenopiles:plas	Gyrista:plas	Mediophyceae:plas	Thalassiosirales:plas	Thalassiosiraceae:plas	Thalassiosira:plas	Thalassiosira_sp.:plas
ASV_492	seq492	Eukaryota	TSAR	Alveolata	Ciliophora	Oligohymenophorea	Peniculia	NA	NA	NA
ASV_493	seq493	Eukaryota	NA	NA	NA	NA	NA	NA	NA	NA
ASV_494	seq494	Eukaryota	TSAR	Alveolata	Ciliophora	NA	NA	NA	NA	NA
ASV_495	seq495	Eukaryota	TSAR	Alveolata	Ciliophora	Spirotrichea	Hypotrichia	NA	NA	NA
ASV_496	seq496	Eukaryota	TSAR	Alveolata	Ciliophora	Spirotrichea	Hypotrichia	NA	NA	NA
ASV_497	seq497	Eukaryota	TSAR	Alveolata	Ciliophora	Spirotrichea	NA	NA	NA	NA
ASV_498	seq498	Eukaryota	TSAR	Alveolata	Ciliophora	NA	NA	NA	NA	NA
ASV_499	seq499	Eukaryota	TSAR	Alveolata	Ciliophora	NA	NA	NA	NA	NA
ASV_500	seq500	Eukaryota	Excavata	Discoba	Euglenozoa	Euglenida	Euglenophyceae	Phacaceae	Lepocinclis	NA
ASV_501	seq501	Eukaryota	TSAR	Alveolata	Ciliophora	Spirotrichea	Choreotrichida-Tintinnina	NA	NA	NA
ASV_502	seq502	Eukaryota	Excavata	Discoba	Euglenozoa	Euglenida	Euglenophyceae	Phacaceae	Phacus	Phacus_platyaulax
ASV_503	seq503	Eukaryota	NA	NA	NA	NA	NA	NA	NA	NA
ASV_504	seq504	Eukaryota	TSAR	Alveolata	Ciliophora	NA	NA	NA	NA	NA
ASV_505	seq505	Eukaryota	TSAR	Alveolata	Ciliophora	Oligohymenophorea	NA	NA	NA	NA
ASV_506	seq506	Eukaryota	TSAR	Alveolata	Ciliophora	Spirotrichea	Choreotrichida	Strobilidiidae	Pelagostrobilidium	NA
ASV_507	seq507	Eukaryota	NA	NA	NA	NA	NA	NA	NA	NA
ASV_508	seq508	Eukaryota	TSAR	Alveolata	Ciliophora	Spirotrichea	Choreotrichida	NA	NA	NA
ASV_509	seq509	Eukaryota	TSAR	Alveolata	Ciliophora	Spirotrichea	NA	NA	NA	NA
ASV_510	seq510	Eukaryota	TSAR	Alveolata	Ciliophora	Spirotrichea	Choreotrichida-Tintinnina	Tintinnidiidae	Tintinnidium	Tintinnidium_fluviatile
ASV_511	seq511	Eukaryota	NA	NA	NA	NA	NA	NA	NA	NA
ASV_512	seq512	Eukaryota	TSAR	Alveolata	Ciliophora	Spirotrichea	NA	NA	NA	NA
ASV_513	seq513	Eukaryota	Obazoa	Opisthokonta	Metazoa	NA	NA	NA	NA	NA
ASV_514	seq514	Eukaryota	TSAR	Alveolata	Ciliophora	NA	NA	NA	NA	NA
ASV_515	seq515	Eukaryota	TSAR	Alveolata	Ciliophora	Spirotrichea	Choreotrichida-Tintinnina	NA	NA	NA
ASV_516	seq516	Eukaryota	TSAR	Alveolata	Ciliophora	Spirotrichea	Choreotrichida-Tintinnina	NA	NA	NA
ASV_517	seq517	Eukaryota	NA	NA	NA	NA	NA	NA	NA	NA
ASV_518	seq518	Eukaryota	TSAR	Alveolata	Ciliophora	Spirotrichea	NA	NA	NA	NA
ASV_519	seq519	Eukaryota	NA	NA	NA	NA	NA	NA	NA	NA
ASV_520	seq520	Eukaryota	TSAR	Alveolata	Ciliophora	Spirotrichea	NA	NA	NA	NA
ASV_521	seq521	Eukaryota	TSAR	Alveolata	Ciliophora	Spirotrichea	Choreotrichida-Tintinnina	Tintinnidiidae	Tintinnidium	NA
ASV_522	seq522	Eukaryota	TSAR	Alveolata	Ciliophora	Spirotrichea	Choreotrichida	NA	NA	NA
ASV_523	seq523	Eukaryota	TSAR	Alveolata	Ciliophora	Spirotrichea	Hypotrichia	Oxytrichidae	NA	NA
ASV_524	seq524	Eukaryota	TSAR	Alveolata	Ciliophora	Spirotrichea	Hypotrichia	NA	NA	NA
ASV_525	seq525	Eukaryota	TSAR	Alveolata	Ciliophora	NA	NA	NA	NA	NA
ASV_526	seq526	Eukaryota	TSAR	Alveolata	NA	NA	NA	NA	NA	NA
ASV_527	seq527	Eukaryota	NA	NA	NA	NA	NA	NA	NA	NA
ASV_528	seq528	Eukaryota	TSAR	Alveolata	Ciliophora	Prostomatea_1	Prostomatea_1_X	Colepidae	Coleps	NA
ASV_529	seq529	Eukaryota	TSAR	Alveolata	Ciliophora	Spirotrichea	Hypotrichia	Oxytrichidae	NA	NA
ASV_530	seq530	Eukaryota	TSAR	NA	NA	NA	NA	NA	NA	NA
ASV_531	seq531	Eukaryota	NA	NA	NA	NA	NA	NA	NA	NA
ASV_532	seq532	Eukaryota	Excavata	Discoba	Euglenozoa	Euglenida	Euglenophyceae	Phacaceae	Phacus	NA
ASV_533	seq533	Eukaryota	TSAR	Alveolata	Ciliophora	NA	NA	NA	NA	NA
ASV_534	seq534	Eukaryota	TSAR	Alveolata	Ciliophora	Spirotrichea	Hypotrichia	Oxytrichidae	NA	NA
ASV_535	seq535	Eukaryota	TSAR	Alveolata	Ciliophora	Spirotrichea	NA	NA	NA	NA
ASV_536	seq536	Eukaryota	TSAR	Alveolata	Ciliophora	Spirotrichea	NA	NA	NA	NA
ASV_537	seq537	Bacteria	FCB	Bacteroidetes	Bacteroidetes_X	Bacteroidia	Flavobacteriales	Flavobacteriaceae	Flavobacterium	Flavobacterium_sp.
ASV_538	seq538	Eukaryota	TSAR	Alveolata	Ciliophora	Spirotrichea	Choreotrichida-Tintinnina	Tintinnidiidae	Tintinnidium	NA
ASV_539	seq539	Eukaryota	TSAR	Alveolata	Ciliophora	NA	NA	NA	NA	NA
ASV_540	seq540	Eukaryota	Obazoa	Opisthokonta	NA	NA	NA	NA	NA	NA
ASV_541	seq541	Eukaryota	TSAR	Alveolata	Ciliophora	Spirotrichea	NA	NA	NA	NA
ASV_542	seq542	Eukaryota	Excavata	Discoba	Euglenozoa	Euglenida	Euglenophyceae	Euglenaceae	Strombomonas	Strombomonas_ovalis
ASV_543	seq543	Eukaryota	Excavata	Discoba	Euglenozoa	Euglenida	Euglenophyceae	Euglenaceae	Euglena	NA
ASV_544	seq544	Eukaryota	NA	NA	NA	NA	NA	NA	NA	NA
ASV_545	seq545	Eukaryota	NA	NA	NA	NA	NA	NA	NA	NA
ASV_546	seq546	Eukaryota	TSAR	Alveolata	Ciliophora	NA	NA	NA	NA	NA
ASV_547	seq547	Eukaryota	TSAR	Alveolata	Ciliophora	Nassophorea	Nassophorea_X	Nassulida	Obertrumia	Obertrumia_georgiana
ASV_548	seq548	Eukaryota	TSAR	Alveolata	Ciliophora	Oligohymenophorea	Peritrichia_1	NA	NA	NA
ASV_549	seq549	Eukaryota	TSAR	Alveolata	Ciliophora	NA	NA	NA	NA	NA
ASV_550	seq550	Eukaryota	NA	NA	NA	NA	NA	NA	NA	NA
ASV_551	seq551	Eukaryota	TSAR	Alveolata	Ciliophora	Spirotrichea	Hypotrichia	Spirofilidae	NA	NA
ASV_552	seq552	Eukaryota	Obazoa	Opisthokonta	Metazoa	NA	NA	NA	NA	NA
ASV_553	seq553	Eukaryota	TSAR	Alveolata	Ciliophora	Spirotrichea	Hypotrichia	NA	NA	NA
ASV_554	seq554	Eukaryota	TSAR	Alveolata	Ciliophora	Spirotrichea	NA	NA	NA	NA
ASV_555	seq555	Eukaryota	TSAR	Alveolata	Ciliophora	Spirotrichea	NA	NA	NA	NA
ASV_556	seq556	Bacteria	CMS	Cyanobacteria	Cyanobacteria_X	Cyanophyceae	Oscillatoriales	Oscillatoriales_X	Phormidium	Phormidium_sp.
ASV_557	seq557	Eukaryota	TSAR	Alveolata	Ciliophora	Oligohymenophorea	Peniculia	Peniculida	Stokesia	Stokesia_vernalis
ASV_558	seq558	Eukaryota	TSAR	Alveolata	Ciliophora	Spirotrichea	Oligotrichida	Strombidiidae	Pelagostrombidium	Pelagostrombidium_sp.
ASV_559	seq559	Eukaryota	Excavata	Discoba	Euglenozoa	Euglenida	Euglenophyceae	Euglenaceae	Colacium	Colacium_calvum
ASV_560	seq560	Eukaryota	NA	NA	NA	NA	NA	NA	NA	NA
ASV_561	seq561	Eukaryota	TSAR	Alveolata	Ciliophora	Spirotrichea	Hypotrichia	NA	NA	NA
ASV_562	seq562	Eukaryota	NA	NA	NA	NA	NA	NA	NA	NA
ASV_563	seq563	Eukaryota	TSAR	Alveolata	Ciliophora	Prostomatea_1	Prostomatea_1_X	Colepidae	Coleps	Coleps_hirtus
ASV_564	seq564	Eukaryota	NA	NA	NA	NA	NA	NA	NA	NA
ASV_565	seq565	Eukaryota	Excavata	Discoba	Euglenozoa	Euglenida	Euglenophyceae	Phacaceae	Phacus	NA
ASV_566	seq566	Eukaryota	Excavata	Discoba	Euglenozoa	Euglenida	Euglenophyceae	Phacaceae	Phacus	NA
ASV_567	seq567	Eukaryota	TSAR	Alveolata	Ciliophora	Spirotrichea	NA	NA	NA	NA
ASV_568	seq568	Eukaryota	TSAR	Alveolata	Ciliophora	Spirotrichea	NA	NA	NA	NA
ASV_569	seq569	Eukaryota	TSAR	Alveolata	Ciliophora	NA	NA	NA	NA	NA
ASV_570	seq570	Eukaryota	TSAR	Alveolata	Ciliophora	Spirotrichea	NA	NA	NA	NA
ASV_571	seq571	Eukaryota	TSAR	Alveolata	Ciliophora	Spirotrichea	Hypotrichia	Urostylidae	Atractos	Atractos_contortus
ASV_572	seq572	Eukaryota	TSAR	Alveolata	Ciliophora	Prostomatea_1	Prostomatea_1_X	Colepidae	Coleps	Coleps_spetai
ASV_573	seq573	Eukaryota	TSAR	Alveolata	Ciliophora	Spirotrichea	NA	NA	NA	NA
ASV_574	seq574	Eukaryota	Excavata	Discoba	Euglenozoa	Euglenida	Euglenophyceae	Euglenaceae	Trachelomonas	NA
ASV_575	seq575	Eukaryota	TSAR	Alveolata	Ciliophora	NA	NA	NA	NA	NA
ASV_576	seq576	Eukaryota	TSAR	Alveolata	Ciliophora	Spirotrichea	Hypotrichia	NA	NA	NA
ASV_577	seq577	NA	NA	NA	NA	NA	NA	NA	NA	NA
ASV_578	seq578	Eukaryota	TSAR	Alveolata	Ciliophora	Spirotrichea	Hypotrichia	NA	NA	NA
ASV_579	seq579	Eukaryota	TSAR	Alveolata	Ciliophora	Spirotrichea	Oligotrichida	Pelagostrombidiidae	Limnostrombidium	Limnostrombidium_viride
ASV_580	seq580	Eukaryota	TSAR	Alveolata	Ciliophora	Spirotrichea	NA	NA	NA	NA
ASV_581	seq581	Eukaryota	NA	NA	NA	NA	NA	NA	NA	NA
ASV_582	seq582	Eukaryota	TSAR	Alveolata	Ciliophora	Spirotrichea	NA	NA	NA	NA
ASV_583	seq583	Eukaryota	TSAR	Alveolata	Ciliophora	Spirotrichea	Choreotrichida-Tintinnina	NA	NA	NA
ASV_584	seq584	Eukaryota	TSAR	Alveolata	Ciliophora	Spirotrichea	Choreotrichida-Tintinnina	Tintinnidiidae	Tintinnidium	NA
ASV_585	seq585	Eukaryota	TSAR	Alveolata	Ciliophora	Spirotrichea	Choreotrichida-Tintinnina	NA	NA	NA
ASV_586	seq586	Eukaryota	TSAR	Alveolata	Ciliophora	Spirotrichea	NA	NA	NA	NA
ASV_587	seq587	Eukaryota	TSAR	Alveolata	Ciliophora	Nassophorea	Nassophorea_X	Nassulida	Obertrumia	Obertrumia_georgiana
ASV_588	seq588	Eukaryota	Obazoa	Opisthokonta	Fungi	NA	NA	NA	NA	NA
ASV_589	seq589	Eukaryota	Obazoa	Opisthokonta	Metazoa	NA	NA	NA	NA	NA
ASV_590	seq590	Eukaryota	Excavata	Discoba	Euglenozoa	Euglenida	NA	NA	NA	NA
ASV_591	seq591	Eukaryota	NA	NA	NA	NA	NA	NA	NA	NA
ASV_592	seq592	Eukaryota	NA	NA	NA	NA	NA	NA	NA	NA
ASV_593	seq593	NA	NA	NA	NA	NA	NA	NA	NA	NA
ASV_594	seq594	Eukaryota	Excavata	Discoba	Euglenozoa	Euglenida	NA	NA	NA	NA
ASV_595	seq595	Eukaryota	Excavata	Discoba	Euglenozoa	Euglenida	Euglenophyceae	Euglenaceae	NA	NA
ASV_596	seq596	Eukaryota	Excavata	Discoba	Euglenozoa	Euglenida	Euglenophyceae	Phacaceae	Phacus	Phacus_platyaulax
ASV_597	seq597	Eukaryota	TSAR	Alveolata	Ciliophora	Spirotrichea	Oligotrichida	Strombidiidae	NA	NA
ASV_598	seq598	Eukaryota	Obazoa	Opisthokonta	Metazoa	Arthropoda	Crustacea	NA	NA	NA
ASV_599	seq599	Eukaryota	TSAR	Alveolata	Ciliophora	Spirotrichea	Hypotrichia	NA	NA	NA
ASV_600	seq600	Eukaryota	TSAR	Alveolata	Ciliophora	Prostomatea	Prostomatea_X	Prostomatea_XX	Hexasterias	Hexasterias_problematica
ASV_601	seq601	Eukaryota	TSAR	Alveolata	Ciliophora	Nassophorea	Nassophorea_X	Nassulida	Obertrumia	Obertrumia_georgiana
ASV_602	seq602	Eukaryota	TSAR	Alveolata	Ciliophora	NA	NA	NA	NA	NA
ASV_603	seq603	Eukaryota	Obazoa	Opisthokonta	Fungi	NA	NA	NA	NA	NA
ASV_604	seq604	Eukaryota	NA	NA	NA	NA	NA	NA	NA	NA
ASV_605	seq605	Eukaryota	TSAR	Alveolata	Ciliophora	Spirotrichea	Choreotrichida-Tintinnina	TIN_10	Tintinnopsis_10	NA
ASV_606	seq606	NA	NA	NA	NA	NA	NA	NA	NA	NA
ASV_607	seq607	Eukaryota	TSAR	Alveolata	Ciliophora	Colpodea	Colpodea_X	Platyophryida	Woodruffides	Woodruffides_metabolicus
ASV_608	seq608	Eukaryota	NA	NA	NA	NA	NA	NA	NA	NA
ASV_609	seq609	Eukaryota	Excavata	Discoba	Euglenozoa	Euglenida	Euglenophyceae	Euglenaceae	Strombomonas	Strombomonas_acuminata
ASV_610	seq610	Eukaryota	TSAR	NA	NA	NA	NA	NA	NA	NA
ASV_611	seq611	Eukaryota	Cryptista	Cryptophyta	Cryptophyta_X	Cryptophyceae	Cryptomonadales	Cryptomonadales_X	NA	NA
ASV_612	seq612	Eukaryota	TSAR	Alveolata	Ciliophora	Oligohymenophorea	Peniculia	Peniculida	Stokesia	Stokesia_vernalis
ASV_613	seq613	NA	NA	NA	NA	NA	NA	NA	NA	NA
ASV_614	seq614	Eukaryota	TSAR	Alveolata	Ciliophora	NA	NA	NA	NA	NA
ASV_615	seq615	Eukaryota	TSAR	Alveolata	Ciliophora	Oligohymenophorea	Scuticociliatia_2	Scuticociliatia_2_X	NA	NA
ASV_616	seq616	Eukaryota	TSAR	Alveolata	Dinoflagellata	Dinophyceae	NA	NA	NA	NA
ASV_617	seq617	Eukaryota	TSAR	Alveolata	NA	NA	NA	NA	NA	NA
ASV_618	seq618	Eukaryota	Excavata	Discoba	Euglenozoa	Euglenida	Euglenophyceae	Phacaceae	NA	NA
ASV_619	seq619	Eukaryota	NA	NA	NA	NA	NA	NA	NA	NA
ASV_620	seq620	Eukaryota	TSAR	Alveolata	Ciliophora	Spirotrichea	NA	NA	NA	NA
ASV_621	seq621	Eukaryota	TSAR	Alveolata	Ciliophora	NA	NA	NA	NA	NA
ASV_622	seq622	Eukaryota	Obazoa	Opisthokonta	Fungi	Ascomycota	NA	NA	NA	NA
ASV_623	seq623	Eukaryota	TSAR	Alveolata	Ciliophora	Spirotrichea	Choreotrichida-Tintinnina	Tintinnidiidae	Tintinnidium	Tintinnidium_pusillum
ASV_624	seq624	Eukaryota	TSAR	Alveolata	Ciliophora	Spirotrichea	Oligotrichida	Pelagostrombidiidae	Limnostrombidium	Limnostrombidium_viride
ASV_625	seq625	Eukaryota	TSAR	Alveolata	Ciliophora	Oligohymenophorea	Peritrichia_1	Trichodinidae	NA	NA
ASV_626	seq626	Eukaryota	TSAR	Alveolata	Ciliophora	Oligohymenophorea	Peritrichia_1	Trichodinidae	NA	NA
ASV_627	seq627	Eukaryota	TSAR	Alveolata	Ciliophora	Spirotrichea	Hypotrichia	NA	NA	NA
ASV_628	seq628	Eukaryota	Obazoa	Opisthokonta	Fungi	Chytridiomycota	NA	NA	NA	NA
ASV_629	seq629	Eukaryota	TSAR	Alveolata	NA	NA	NA	NA	NA	NA
ASV_630	seq630	Eukaryota	NA	NA	NA	NA	NA	NA	NA	NA
ASV_631	seq631	Eukaryota	TSAR	Alveolata	Ciliophora	Spirotrichea	Hypotrichia	NA	NA	NA
ASV_632	seq632	Eukaryota	Excavata	Discoba	Euglenozoa	Euglenida	Euglenophyceae	Euglenaceae	NA	NA
ASV_633	seq633	Eukaryota	Archaeplastida	NA	NA	NA	NA	NA	NA	NA
ASV_634	seq634	Eukaryota	TSAR	Alveolata	Ciliophora	Spirotrichea	Choreotrichida	NA	NA	NA
ASV_635	seq635	Eukaryota	Excavata	Discoba	Euglenozoa	Kinetoplastea	Neobodonida	Rhynchomonadidae	Rhynchomonas	Rhynchomonas_nasuta
ASV_636	seq636	Eukaryota	TSAR	Alveolata	Ciliophora	NA	NA	NA	NA	NA
ASV_637	seq637	Eukaryota	TSAR	Alveolata	Ciliophora	Spirotrichea	Hypotrichia	NA	NA	NA
ASV_638	seq638	NA	NA	NA	NA	NA	NA	NA	NA	NA
ASV_639	seq639	Eukaryota	TSAR	Alveolata	Ciliophora	Spirotrichea	Hypotrichia	NA	NA	NA
ASV_640	seq640	Eukaryota	TSAR	Alveolata	Ciliophora	NA	NA	NA	NA	NA
ASV_641	seq641	Eukaryota	Excavata	Discoba	Euglenozoa	Euglenida	Euglenophyceae	Phacaceae	NA	NA
ASV_642	seq642	Eukaryota	NA	NA	NA	NA	NA	NA	NA	NA
ASV_643	seq643	Eukaryota	TSAR	Alveolata	Ciliophora	Spirotrichea	Hypotrichia	NA	NA	NA
ASV_644	seq644	Eukaryota	Excavata	Discoba	Euglenozoa	Euglenida	Euglenophyceae	NA	NA	NA
ASV_645	seq645	Eukaryota	Obazoa	Opisthokonta	NA	NA	NA	NA	NA	NA
ASV_646	seq646	Eukaryota	Excavata	Discoba	Euglenozoa	Euglenida	Petalomonadida	Scytomonadidae	Scytomonas	Scytomonas_saepesedens
ASV_647	seq647	Eukaryota	NA	NA	NA	NA	NA	NA	NA	NA
ASV_648	seq648	Eukaryota	TSAR	Alveolata	Ciliophora	Spirotrichea	Hypotrichia	NA	NA	NA
ASV_649	seq649	Bacteria	PANNAM	Proteobacteria	Proteobacteria_X	Gammaproteobacteria	Pseudomonadales	Pseudomonadaceae	Pseudomonas	Pseudomonas_sp.
ASV_650	seq650	Eukaryota	TSAR	Alveolata	Ciliophora	Litostomatea	Rhynchostomatia	Dileptidae	Pseudomonilicaryon	Pseudomonilicaryon_fraterculum
ASV_651	seq651	Eukaryota	TSAR	Alveolata	Ciliophora	Spirotrichea	NA	NA	NA	NA
ASV_652	seq652	Eukaryota	TSAR	Alveolata	Ciliophora	Spirotrichea	Hypotrichia	NA	NA	NA
ASV_653	seq653	Eukaryota	NA	NA	NA	NA	NA	NA	NA	NA
ASV_654	seq654	Eukaryota	NA	NA	NA	NA	NA	NA	NA	NA
ASV_655	seq655	Eukaryota	TSAR	Alveolata	Ciliophora	Spirotrichea	Hypotrichia	NA	NA	NA
ASV_656	seq656	Eukaryota	NA	NA	NA	NA	NA	NA	NA	NA
ASV_657	seq657	Eukaryota	NA	NA	NA	NA	NA	NA	NA	NA
ASV_658	seq658	Eukaryota	TSAR	Alveolata	Ciliophora	NA	NA	NA	NA	NA
ASV_659	seq659	Eukaryota	TSAR	Alveolata	Ciliophora	Prostomatea_3	Prostomatea_3_X	Holophryidae	Prorodon	Prorodon_teres
ASV_660	seq660	Eukaryota	TSAR	Alveolata	Ciliophora	Spirotrichea	NA	NA	NA	NA
ASV_661	seq661	NA	NA	NA	NA	NA	NA	NA	NA	NA
ASV_662	seq662	Eukaryota	TSAR	NA	NA	NA	NA	NA	NA	NA
ASV_663	seq663	Eukaryota	NA	NA	NA	NA	NA	NA	NA	NA
ASV_664	seq664	Eukaryota	TSAR	Alveolata	Ciliophora	NA	NA	NA	NA	NA
ASV_665	seq665	Eukaryota	TSAR	Alveolata	Ciliophora	Spirotrichea	Choreotrichida-Tintinnina	Tintinnidiidae	Tintinnidium	NA
ASV_666	seq666	Eukaryota	TSAR	Alveolata	Ciliophora	Spirotrichea	Oligotrichida	Strombidiidae	Pelagostrombidium	Pelagostrombidium_sp.
ASV_667	seq667	Bacteria	FCB	Bacteroidetes	Bacteroidetes_X	Bacteroidia	Chitinophagales	Saprospiraceae	Saprospiraceae_X	Saprospiraceae_X_sp.
ASV_668	seq668	Eukaryota	TSAR	Alveolata	Ciliophora	NA	NA	NA	NA	NA
ASV_669	seq669	Eukaryota	NA	NA	NA	NA	NA	NA	NA	NA
ASV_670	seq670	Eukaryota	TSAR	Alveolata	Ciliophora	Prostomatea_1	Prostomatea_1_X	Colepidae	Coleps	Coleps_hirtus
ASV_671	seq671	Eukaryota	Cryptista	Cryptophyta	Cryptophyta_X	Cryptophyceae	Cryptomonadales	Cryptomonadales_X	Cryptomonas	Cryptomonas_parapyrenoidifera
ASV_672	seq672	Eukaryota	NA	NA	NA	NA	NA	NA	NA	NA
ASV_673	seq673	Eukaryota	TSAR	Alveolata	Ciliophora	NA	NA	NA	NA	NA
ASV_674	seq674	Eukaryota	TSAR	Alveolata	Ciliophora	Spirotrichea	Choreotrichida-Tintinnina	Tintinnidiidae	Tintinnidium	Tintinnidium_fluviatile
ASV_675	seq675	Eukaryota	TSAR	Alveolata	Ciliophora	Oligohymenophorea	Peniculia	Paranassulidae	Paranassula	Paranassula_sp.
ASV_676	seq676	Eukaryota	TSAR	Alveolata	Ciliophora	Oligohymenophorea	Peniculia	NA	NA	NA
ASV_677	seq677	Eukaryota	NA	NA	NA	NA	NA	NA	NA	NA
ASV_678	seq678	Eukaryota	TSAR	Alveolata	Ciliophora	Spirotrichea	Oligotrichida	Strombidiidae	Pelagostrombidium	Pelagostrombidium_sp.
ASV_679	seq679	Eukaryota	Excavata	Discoba	Euglenozoa	Euglenida	Euglenophyceae	Phacaceae	Lepocinclis	NA
ASV_680	seq680	Eukaryota	TSAR	Alveolata	Ciliophora	Oligohymenophorea	Peniculia	Peniculida	Stokesia	Stokesia_vernalis
ASV_681	seq681	Eukaryota	NA	NA	NA	NA	NA	NA	NA	NA
ASV_682	seq682	Eukaryota	NA	NA	NA	NA	NA	NA	NA	NA
ASV_683	seq683	Eukaryota	Cryptista	Cryptophyta	Cryptophyta_X	Cryptophyceae	Cryptomonadales	Cryptomonadales_X	Cryptomonas	NA
ASV_684	seq684	Eukaryota	TSAR	Alveolata	Ciliophora	NA	NA	NA	NA	NA
ASV_685	seq685	Eukaryota	NA	NA	NA	NA	NA	NA	NA	NA
ASV_686	seq686	Eukaryota	TSAR	Alveolata	Ciliophora	Spirotrichea	NA	NA	NA	NA
ASV_687	seq687	Eukaryota	Excavata	Discoba	Euglenozoa	Euglenida	Euglenophyceae	Euglenaceae	Monomorphina	Monomorphina_piropsis
ASV_688	seq688	Eukaryota	TSAR	NA	NA	NA	NA	NA	NA	NA
ASV_689	seq689	Eukaryota	NA	NA	NA	NA	NA	NA	NA	NA
ASV_690	seq690	Bacteria	CMS	Cyanobacteria	Cyanobacteria_X	Cyanophyceae	Synechococcales	Cyanobiaceae	Cyanobium_PCC6307	Cyanobium_PCC6307_sp.
ASV_691	seq691	Bacteria	CMS	Cyanobacteria	Cyanobacteria_X	Cyanophyceae	Synechococcales	Cyanobiaceae	Cyanobium_PCC6307	Cyanobium_PCC6307_sp.
ASV_692	seq692	Eukaryota	TSAR	Alveolata	Ciliophora	Spirotrichea	Choreotrichida-Tintinnina	NA	NA	NA
ASV_693	seq693	Eukaryota	NA	NA	NA	NA	NA	NA	NA	NA
ASV_694	seq694	Eukaryota:plas	TSAR:plas	Stramenopiles:plas	Gyrista:plas	Mediophyceae:plas	Mediophyceae_X:plas	Mediophyceae_XX:plas	Mediophyceae_XXX:plas	Mediophyceae_XXX_sp.:plas
ASV_695	seq695	Eukaryota	TSAR	Alveolata	Ciliophora	Spirotrichea	Choreotrichida	NA	NA	NA
ASV_696	seq696	Eukaryota	TSAR	Alveolata	Ciliophora	Spirotrichea	Oligotrichida	Pelagostrombidiidae	Limnostrombidium	Limnostrombidium_viride
ASV_697	seq697	Eukaryota	TSAR	Alveolata	Ciliophora	Prostomatea_3	Prostomatea_3_X	Holophryidae	Pelagothrix	Pelagothrix_alveolata
ASV_698	seq698	Eukaryota	Excavata	Discoba	Euglenozoa	Euglenida	Euglenophyceae	NA	NA	NA
ASV_699	seq699	Eukaryota	TSAR	Alveolata	Ciliophora	Nassophorea	Nassophorea_X	Nassulida	Obertrumia	Obertrumia_georgiana
ASV_700	seq700	Eukaryota	TSAR	Alveolata	Ciliophora	Spirotrichea	Choreotrichida	Strobilidiidae	Pelagostrobilidium	NA
ASV_701	seq701	Eukaryota	TSAR	Alveolata	Ciliophora	NA	NA	NA	NA	NA
ASV_702	seq702	Eukaryota	NA	NA	NA	NA	NA	NA	NA	NA
ASV_703	seq703	Eukaryota	TSAR	Alveolata	Ciliophora	Spirotrichea	Hypotrichia	NA	NA	NA
ASV_704	seq704	Eukaryota	TSAR	Alveolata	Ciliophora	Spirotrichea	Choreotrichida-Tintinnina	NA	NA	NA
ASV_705	seq705	Eukaryota	NA	NA	NA	NA	NA	NA	NA	NA
ASV_706	seq706	Eukaryota	TSAR	Alveolata	Ciliophora	Spirotrichea	Hypotrichia	NA	NA	NA
ASV_707	seq707	Eukaryota	TSAR	Alveolata	Ciliophora	Spirotrichea	Hypotrichia	NA	NA	NA
ASV_708	seq708	Eukaryota	TSAR	Alveolata	Ciliophora	Oligohymenophorea	Peniculia	Peniculida	Stokesia	Stokesia_vernalis
ASV_709	seq709	Eukaryota	Obazoa	Opisthokonta	Metazoa	Arthropoda	Crustacea	NA	NA	NA
ASV_710	seq710	Eukaryota	TSAR	Alveolata	Ciliophora	Spirotrichea	Choreotrichida-Tintinnina	Tintinnidiidae	NA	NA
ASV_711	seq711	Eukaryota	NA	NA	NA	NA	NA	NA	NA	NA
ASV_712	seq712	Eukaryota	TSAR	Alveolata	Ciliophora	Spirotrichea	Choreotrichida-Tintinnina	Tintinnidiidae	Tintinnidium	NA
ASV_713	seq713	Eukaryota	NA	NA	NA	NA	NA	NA	NA	NA
ASV_714	seq714	Eukaryota	NA	NA	NA	NA	NA	NA	NA	NA
ASV_715	seq715	Eukaryota	NA	NA	NA	NA	NA	NA	NA	NA
ASV_716	seq716	Eukaryota	TSAR	Alveolata	Ciliophora	Spirotrichea	Hypotrichia	Hypotrichia_X	Hypotrichidium	Hypotrichidium_paraconicum
ASV_717	seq717	Eukaryota	TSAR	Alveolata	Ciliophora	Spirotrichea	Choreotrichida-Tintinnina	Tintinnidiidae	Tintinnidium	NA
ASV_718	seq718	Eukaryota	TSAR	Alveolata	Apicomplexa	Gregarinomorphea	Eugregarinorida	Gregarinidae	Leidyana2	Caliculium_glossobalani
ASV_719	seq719	Eukaryota	Excavata	Discoba	Euglenozoa	Euglenida	Euglenophyceae	Euglenaceae	Strombomonas	NA
ASV_720	seq720	Eukaryota	Excavata	Discoba	Euglenozoa	Euglenida	Euglenophyceae	Phacaceae	Lepocinclis	NA
ASV_721	seq721	Eukaryota	NA	NA	NA	NA	NA	NA	NA	NA
ASV_722	seq722	Eukaryota	TSAR	Alveolata	Ciliophora	NA	NA	NA	NA	NA
ASV_723	seq723	Eukaryota	Obazoa	Opisthokonta	Metazoa	Arthropoda	Crustacea	NA	NA	NA
ASV_724	seq724	Eukaryota	Obazoa	Opisthokonta	Metazoa	NA	NA	NA	NA	NA
ASV_725	seq725	Eukaryota	Obazoa	Opisthokonta	Fungi	NA	NA	NA	NA	NA
ASV_726	seq726	Eukaryota	TSAR	Alveolata	Ciliophora	Spirotrichea	Hypotrichia	NA	NA	NA
ASV_727	seq727	Eukaryota	TSAR	Alveolata	Ciliophora	Spirotrichea	Choreotrichida-Tintinnina	Tintinnidiidae	Tintinnidium	Tintinnidium_fluviatile
ASV_728	seq728	Eukaryota	NA	NA	NA	NA	NA	NA	NA	NA
ASV_729	seq729	Eukaryota	NA	NA	NA	NA	NA	NA	NA	NA
ASV_730	seq730	Eukaryota	NA	NA	NA	NA	NA	NA	NA	NA
ASV_731	seq731	Eukaryota	NA	NA	NA	NA	NA	NA	NA	NA
ASV_732	seq732	Eukaryota	Excavata	Discoba	Euglenozoa	Euglenida	Euglenophyceae	Phacaceae	Phacus	NA
ASV_733	seq733	Eukaryota	NA	NA	NA	NA	NA	NA	NA	NA
ASV_734	seq734	Eukaryota	Excavata	Discoba	Euglenozoa	Euglenida	Euglenophyceae	Euglenaceae	Trachelomonas	NA
ASV_735	seq735	Eukaryota	TSAR	Alveolata	Ciliophora	Spirotrichea	Choreotrichida	NA	NA	NA
ASV_736	seq736	Eukaryota	Obazoa	Opisthokonta	Metazoa	Arthropoda	Crustacea	NA	NA	NA
ASV_737	seq737	Eukaryota	NA	NA	NA	NA	NA	NA	NA	NA
ASV_738	seq738	Eukaryota	TSAR	Alveolata	Ciliophora	NA	NA	NA	NA	NA
ASV_739	seq739	Eukaryota	Obazoa	Opisthokonta	Metazoa	Arthropoda	Crustacea	NA	NA	NA
ASV_740	seq740	Eukaryota	Obazoa	Opisthokonta	Metazoa	NA	NA	NA	NA	NA
ASV_741	seq741	Eukaryota	TSAR	Alveolata	Ciliophora	Oligohymenophorea	Peritrichia_1	Trichodinidae	NA	NA
ASV_742	seq742	Eukaryota	NA	NA	NA	NA	NA	NA	NA	NA
ASV_743	seq743	Eukaryota	NA	NA	NA	NA	NA	NA	NA	NA
ASV_744	seq744	Eukaryota	NA	NA	NA	NA	NA	NA	NA	NA
ASV_745	seq745	Eukaryota	NA	NA	NA	NA	NA	NA	NA	NA
ASV_746	seq746	Eukaryota	NA	NA	NA	NA	NA	NA	NA	NA
ASV_747	seq747	Eukaryota	NA	NA	NA	NA	NA	NA	NA	NA
ASV_748	seq748	Eukaryota	TSAR	Alveolata	Ciliophora	Spirotrichea	NA	NA	NA	NA
ASV_749	seq749	Eukaryota	NA	NA	NA	NA	NA	NA	NA	NA
ASV_750	seq750	Eukaryota	Excavata	Discoba	Euglenozoa	Euglenida	Euglenophyceae	Euglenaceae	Strombomonas	Strombomonas_ovalis
ASV_751	seq751	Eukaryota	NA	NA	NA	NA	NA	NA	NA	NA
ASV_752	seq752	Eukaryota	Excavata	Discoba	Euglenozoa	Euglenida	Euglenophyceae	Phacaceae	Phacus	Phacus_pusillus
ASV_753	seq753	Eukaryota	NA	NA	NA	NA	NA	NA	NA	NA
ASV_754	seq754	Eukaryota	TSAR	Alveolata	Ciliophora	Colpodea	Colpodea_X	Cyrtolophosidida	Pseudocyrtolophosis	Pseudocyrtolophosis_alpestris
ASV_755	seq755	Eukaryota	NA	NA	NA	NA	NA	NA	NA	NA
ASV_756	seq756	Eukaryota	NA	NA	NA	NA	NA	NA	NA	NA
ASV_757	seq757	Eukaryota	Obazoa	Opisthokonta	NA	NA	NA	NA	NA	NA
ASV_758	seq758	Eukaryota	Excavata	Discoba	Euglenozoa	Euglenida	Euglenophyceae	NA	NA	NA
ASV_759	seq759	Eukaryota	Obazoa	Opisthokonta	Metazoa	NA	NA	NA	NA	NA
ASV_760	seq760	Eukaryota	Obazoa	Opisthokonta	Metazoa	NA	NA	NA	NA	NA
ASV_761	seq761	Eukaryota	NA	NA	NA	NA	NA	NA	NA	NA
ASV_762	seq762	Eukaryota	Excavata	Discoba	Euglenozoa	Euglenida	Euglenophyceae	Phacaceae	Phacus	NA
ASV_763	seq763	Bacteria	CMS	Cyanobacteria	Cyanobacteria_X	Cyanophyceae	Synechococcales	Cyanobiaceae	Cyanobium_PCC6307	Cyanobium_PCC6307_sp.
ASV_764	seq764	Eukaryota	TSAR	Alveolata	Ciliophora	Spirotrichea	Oligotrichida	Strombidiidae	Pelagostrombidium	Pelagostrombidium_sp.
ASV_765	seq765	Eukaryota	TSAR	Alveolata	Ciliophora	NA	NA	NA	NA	NA
ASV_766	seq766	Eukaryota	NA	NA	NA	NA	NA	NA	NA	NA
ASV_767	seq767	Eukaryota	TSAR	Alveolata	Ciliophora	NA	NA	NA	NA	NA
ASV_768	seq768	Eukaryota	TSAR	Alveolata	Ciliophora	Spirotrichea	Choreotrichida-Tintinnina	Tintinnidiidae	Tintinnidium	NA
ASV_769	seq769	Eukaryota	NA	NA	NA	NA	NA	NA	NA	NA
ASV_770	seq770	Eukaryota	TSAR	Alveolata	Ciliophora	Spirotrichea	Hypotrichia	Oxytrichidae	NA	NA
ASV_771	seq771	Eukaryota	Obazoa	Opisthokonta	Metazoa	NA	NA	NA	NA	NA
ASV_772	seq772	Eukaryota	NA	NA	NA	NA	NA	NA	NA	NA
ASV_773	seq773	Bacteria	CMS	Cyanobacteria	Cyanobacteria_X	Cyanophyceae	Synechococcales	Cyanobiaceae	Cyanobium_PCC6307	Cyanobium_PCC6307_sp.
ASV_774	seq774	Eukaryota	TSAR	Alveolata	Ciliophora	NA	NA	NA	NA	NA
ASV_775	seq775	Eukaryota	NA	NA	NA	NA	NA	NA	NA	NA
ASV_776	seq776	Eukaryota	Obazoa	Opisthokonta	Metazoa	NA	NA	NA	NA	NA
ASV_777	seq777	Eukaryota	TSAR	Alveolata	Ciliophora	Oligohymenophorea	Peniculia	Frontoniidae_1	Frontonia_1	Frontonia_leucas
ASV_778	seq778	Eukaryota	Obazoa	Opisthokonta	Metazoa	Arthropoda	Crustacea	NA	NA	NA
ASV_779	seq779	Eukaryota	TSAR	NA	NA	NA	NA	NA	NA	NA
ASV_780	seq780	Eukaryota	NA	NA	NA	NA	NA	NA	NA	NA
ASV_781	seq781	Eukaryota	TSAR	Alveolata	Ciliophora	Spirotrichea	Choreotrichida-Tintinnina	Tintinnidiidae	Tintinnidium	NA
ASV_782	seq782	Eukaryota	NA	NA	NA	NA	NA	NA	NA	NA
ASV_783	seq783	Eukaryota	TSAR	Alveolata	Ciliophora	NA	NA	NA	NA	NA
ASV_784	seq784	Eukaryota	TSAR	Alveolata	Ciliophora	Oligohymenophorea	Scuticociliatia_2	Scuticociliatia_2_X	NA	NA
ASV_785	seq785	Eukaryota	NA	NA	NA	NA	NA	NA	NA	NA
ASV_786	seq786	Eukaryota	TSAR	Alveolata	Ciliophora	Spirotrichea	NA	NA	NA	NA
ASV_787	seq787	Eukaryota	NA	NA	NA	NA	NA	NA	NA	NA
ASV_788	seq788	NA	NA	NA	NA	NA	NA	NA	NA	NA
ASV_789	seq789	Eukaryota	NA	NA	NA	NA	NA	NA	NA	NA
ASV_790	seq790	Eukaryota	TSAR	Alveolata	Ciliophora	Spirotrichea	NA	NA	NA	NA
ASV_791	seq791	Eukaryota:plas	Archaeplastida:plas	Chlorophyta:plas	Chlorophyta_X:plas	Trebouxiophyceae:plas	Chlorellales:plas	Chlorellales_X:plas	Oocystis:plas	Oocystis_solitaria:plas
ASV_792	seq792	Eukaryota	TSAR	Alveolata	Ciliophora	Spirotrichea	Hypotrichia	Urostylidae	Uroleptus	Uroleptus_gallina
ASV_793	seq793	Eukaryota	TSAR	Alveolata	Ciliophora	Spirotrichea	Choreotrichida-Tintinnina	Tintinnidiidae	Tintinnidium	Tintinnidium_pusillum
ASV_794	seq794	NA	NA	NA	NA	NA	NA	NA	NA	NA
ASV_795	seq795	Eukaryota	TSAR	Alveolata	Ciliophora	Oligohymenophorea	Peniculia	Peniculida	Stokesia	Stokesia_vernalis
ASV_796	seq796	Eukaryota	Obazoa	Opisthokonta	Metazoa	NA	NA	NA	NA	NA
ASV_797	seq797	Eukaryota	NA	NA	NA	NA	NA	NA	NA	NA
ASV_798	seq798	Eukaryota	NA	NA	NA	NA	NA	NA	NA	NA
ASV_799	seq799	Eukaryota	NA	NA	NA	NA	NA	NA	NA	NA
ASV_800	seq800	Eukaryota	TSAR	Alveolata	Ciliophora	Oligohymenophorea	Peniculia	Frontoniidae_1	Frontonia_1	Frontonia_leucas
ASV_801	seq801	Eukaryota	TSAR	Alveolata	Ciliophora	NA	NA	NA	NA	NA
ASV_802	seq802	Eukaryota	TSAR	Alveolata	Ciliophora	NA	NA	NA	NA	NA
ASV_803	seq803	Eukaryota	TSAR	Alveolata	Ciliophora	Spirotrichea	NA	NA	NA	NA
ASV_804	seq804	Eukaryota	NA	NA	NA	NA	NA	NA	NA	NA
ASV_805	seq805	Eukaryota	NA	NA	NA	NA	NA	NA	NA	NA
ASV_806	seq806	Eukaryota	NA	NA	NA	NA	NA	NA	NA	NA
ASV_807	seq807	Eukaryota	TSAR	Alveolata	Ciliophora	Spirotrichea	NA	NA	NA	NA
ASV_808	seq808	NA	NA	NA	NA	NA	NA	NA	NA	NA
ASV_809	seq809	Eukaryota	NA	NA	NA	NA	NA	NA	NA	NA
ASV_810	seq810	Eukaryota	TSAR	Alveolata	Ciliophora	Spirotrichea	Choreotrichida-Tintinnina	Tintinnidiidae	Tintinnidium	Tintinnidium_fluviatile
ASV_811	seq811	Eukaryota	NA	NA	NA	NA	NA	NA	NA	NA
ASV_812	seq812	Eukaryota	NA	NA	NA	NA	NA	NA	NA	NA
ASV_813	seq813	Eukaryota	TSAR	Alveolata	Ciliophora	Spirotrichea	Choreotrichida-Tintinnina	Tintinnidiidae	Tintinnidium	Tintinnidium_fluviatile
ASV_814	seq814	Eukaryota	NA	NA	NA	NA	NA	NA	NA	NA
ASV_815	seq815	Eukaryota	NA	NA	NA	NA	NA	NA	NA	NA
ASV_816	seq816	Eukaryota	NA	NA	NA	NA	NA	NA	NA	NA
ASV_817	seq817	Eukaryota	TSAR	Alveolata	Ciliophora	Nassophorea	Nassophorea_X	NA	NA	NA
ASV_818	seq818	Eukaryota	TSAR	Alveolata	Ciliophora	NA	NA	NA	NA	NA
ASV_819	seq819	Bacteria	CMS	Cyanobacteria	Cyanobacteria_X	Cyanophyceae	Synechococcales	Cyanobiaceae	Cyanobium_PCC6307	Cyanobium_PCC6307_sp.
ASV_820	seq820	Eukaryota	NA	NA	NA	NA	NA	NA	NA	NA
ASV_821	seq821	Eukaryota	Excavata	Discoba	Euglenozoa	Euglenida	Petalomonadida	Scytomonadidae	Scytomonas	Scytomonas_saepesedens
ASV_822	seq822	Eukaryota	NA	NA	NA	NA	NA	NA	NA	NA
ASV_823	seq823	Eukaryota	NA	NA	NA	NA	NA	NA	NA	NA
ASV_824	seq824	Eukaryota	Obazoa	Opisthokonta	Metazoa	NA	NA	NA	NA	NA
ASV_825	seq825	Eukaryota	Obazoa	Opisthokonta	Fungi	NA	NA	NA	NA	NA
ASV_826	seq826	Eukaryota:plas	Archaeplastida:plas	Chlorophyta:plas	Chlorophyta_X:plas	Chlorophyceae:plas	Sphaeropleales:plas	Sphaeropleales_X:plas	Pectinodesmus:plas	Pectinodesmus_pectinatus:plas
ASV_827	seq827	Bacteria	PANNAM	Proteobacteria	Proteobacteria_X	Gammaproteobacteria	Xanthomonadales	Xanthomonadaceae	Arenimonas	Arenimonas_sp.
ASV_828	seq828	Eukaryota	TSAR	Alveolata	Ciliophora	Spirotrichea	Oligotrichida	Strombidiidae	NA	NA
ASV_829	seq829	NA	NA	NA	NA	NA	NA	NA	NA	NA
ASV_830	seq830	Eukaryota	TSAR	Alveolata	Ciliophora	Spirotrichea	Hypotrichia	Urostylidae	Atractos	Atractos_contortus
ASV_831	seq831	Eukaryota	NA	NA	NA	NA	NA	NA	NA	NA
ASV_832	seq832	Eukaryota	Excavata	Discoba	Euglenozoa	Euglenida	NA	NA	NA	NA
ASV_833	seq833	NA	NA	NA	NA	NA	NA	NA	NA	NA
ASV_834	seq834	Eukaryota	NA	NA	NA	NA	NA	NA	NA	NA
ASV_835	seq835	Eukaryota	Obazoa	Opisthokonta	Metazoa	NA	NA	NA	NA	NA
ASV_836	seq836	Eukaryota	Obazoa	Opisthokonta	Metazoa	NA	NA	NA	NA	NA
ASV_837	seq837	Eukaryota	NA	NA	NA	NA	NA	NA	NA	NA
ASV_838	seq838	Eukaryota	NA	NA	NA	NA	NA	NA	NA	NA
ASV_839	seq839	Eukaryota	NA	NA	NA	NA	NA	NA	NA	NA
ASV_840	seq840	Eukaryota	Archaeplastida	Chlorophyta	Chlorophyta_X	Trebouxiophyceae	Chlorellales	Chlorellales_X	NA	NA
ASV_841	seq841	Eukaryota	Excavata	Discoba	Euglenozoa	Euglenida	Euglenophyceae	Euglenaceae	Monomorphina	Monomorphina_piropsis
ASV_842	seq842	Eukaryota	TSAR	Alveolata	Ciliophora	NA	NA	NA	NA	NA
ASV_843	seq843	Eukaryota	NA	NA	NA	NA	NA	NA	NA	NA
ASV_844	seq844	Eukaryota	NA	NA	NA	NA	NA	NA	NA	NA
ASV_845	seq845	Eukaryota	Obazoa	Opisthokonta	NA	NA	NA	NA	NA	NA
ASV_846	seq846	Eukaryota	NA	NA	NA	NA	NA	NA	NA	NA
ASV_847	seq847	Eukaryota	NA	NA	NA	NA	NA	NA	NA	NA
ASV_848	seq848	Eukaryota	Archaeplastida	Chlorophyta	Chlorophyta_X	Trebouxiophyceae	Chlorellales	Chlorellales_X	NA	NA
ASV_849	seq849	Eukaryota	Excavata	Discoba	Euglenozoa	Euglenida	Euglenophyceae	Euglenaceae	NA	NA
ASV_850	seq850	Eukaryota	NA	NA	NA	NA	NA	NA	NA	NA
ASV_851	seq851	Bacteria	CMS	Cyanobacteria	Cyanobacteria_X	Cyanophyceae	Nostocales	Nostocaceae	NA	NA
ASV_852	seq852	Eukaryota	NA	NA	NA	NA	NA	NA	NA	NA
ASV_853	seq853	Bacteria	PANNAM	Proteobacteria	Proteobacteria_X	Alphaproteobacteria	Rhodobacterales	Rhodobacteraceae	Paracoccus	Paracoccus_sp.
ASV_854	seq854	Eukaryota:plas	TSAR:plas	Stramenopiles:plas	Gyrista:plas	Mediophyceae:plas	Thalassiosirales:plas	Thalassiosiraceae:plas	Thalassiosira:plas	Thalassiosira_sp.:plas
ASV_855	seq855	Eukaryota	Obazoa	Opisthokonta	NA	NA	NA	NA	NA	NA
ASV_856	seq856	NA	NA	NA	NA	NA	NA	NA	NA	NA
ASV_857	seq857	NA	NA	NA	NA	NA	NA	NA	NA	NA
ASV_858	seq858	Eukaryota	NA	NA	NA	NA	NA	NA	NA	NA
ASV_859	seq859	Eukaryota	NA	NA	NA	NA	NA	NA	NA	NA
ASV_860	seq860	Bacteria	CMS	Cyanobacteria	Cyanobacteria_X	Cyanophyceae	Synechococcales	Cyanobiaceae	Cyanobium_PCC6307	Cyanobium_PCC6307_sp.
ASV_861	seq861	Eukaryota:plas	TSAR:plas	Stramenopiles:plas	Gyrista:plas	Mediophyceae:plas	Thalassiosirales:plas	Thalassiosiraceae:plas	Thalassiosira:plas	Thalassiosira_sp.:plas
ASV_862	seq862	Eukaryota	TSAR	Alveolata	Ciliophora	Spirotrichea	NA	NA	NA	NA
ASV_863	seq863	Eukaryota	NA	NA	NA	NA	NA	NA	NA	NA
ASV_864	seq864	Eukaryota	Excavata	Discoba	Euglenozoa	Euglenida	Petalomonadida	Scytomonadidae	Scytomonas	Scytomonas_saepesedens
ASV_865	seq865	Eukaryota	NA	NA	NA	NA	NA	NA	NA	NA
ASV_866	seq866	Eukaryota	NA	NA	NA	NA	NA	NA	NA	NA
ASV_867	seq867	Bacteria	CMS	Cyanobacteria	Cyanobacteria_X	Cyanophyceae	Nostocales	Microcystaceae	Microcystis_PCC7914	Microcystis_PCC7914_sp.
ASV_868	seq868	Eukaryota	NA	NA	NA	NA	NA	NA	NA	NA
ASV_869	seq869	Eukaryota	NA	NA	NA	NA	NA	NA	NA	NA
ASV_870	seq870	Eukaryota	NA	NA	NA	NA	NA	NA	NA	NA
ASV_871	seq871	Eukaryota	Excavata	Discoba	Euglenozoa	Euglenida	Petalomonadida	Scytomonadidae	Scytomonas	Scytomonas_saepesedens
ASV_872	seq872	Eukaryota	NA	NA	NA	NA	NA	NA	NA	NA
ASV_873	seq873	Eukaryota	NA	NA	NA	NA	NA	NA	NA	NA
ASV_874	seq874	Eukaryota	NA	NA	NA	NA	NA	NA	NA	NA
ASV_875	seq875	Eukaryota	NA	NA	NA	NA	NA	NA	NA	NA
ASV_876	seq876	Eukaryota	NA	NA	NA	NA	NA	NA	NA	NA
ASV_877	seq877	Eukaryota	NA	NA	NA	NA	NA	NA	NA	NA
ASV_878	seq878	Eukaryota	TSAR	Alveolata	Ciliophora	Oligohymenophorea	Peniculia	Peniculida	Stokesia	Stokesia_vernalis
ASV_879	seq879	Eukaryota	NA	NA	NA	NA	NA	NA	NA	NA
ASV_880	seq880	Eukaryota	NA	NA	NA	NA	NA	NA	NA	NA
ASV_881	seq881	Eukaryota	NA	NA	NA	NA	NA	NA	NA	NA
ASV_882	seq882	Eukaryota	TSAR	Alveolata	Ciliophora	NA	NA	NA	NA	NA
ASV_883	seq883	Eukaryota	NA	NA	NA	NA	NA	NA	NA	NA
ASV_884	seq884	Eukaryota	NA	NA	NA	NA	NA	NA	NA	NA
ASV_885	seq885	Eukaryota	Excavata	Discoba	Euglenozoa	Euglenida	Euglenophyceae	NA	NA	NA
ASV_886	seq886	Bacteria	CMS	Cyanobacteria	Cyanobacteria_X	Cyanophyceae	Synechococcales	Cyanobiaceae	Cyanobium_PCC6307	Cyanobium_PCC6307_sp.
ASV_887	seq887	Bacteria	CMS	Cyanobacteria	Cyanobacteria_X	Cyanophyceae	Synechococcales	Cyanobiaceae	Cyanobium_PCC6307	Cyanobium_PCC6307_sp.
ASV_888	seq888	NA	NA	NA	NA	NA	NA	NA	NA	NA
ASV_889	seq889	NA	NA	NA	NA	NA	NA	NA	NA	NA
ASV_890	seq890	Eukaryota	TSAR	Alveolata	Dinoflagellata	Dinophyceae	NA	NA	NA	NA
ASV_891	seq891	Eukaryota	NA	NA	NA	NA	NA	NA	NA	NA
ASV_892	seq892	NA	NA	NA	NA	NA	NA	NA	NA	NA
ASV_893	seq893	Eukaryota	NA	NA	NA	NA	NA	NA	NA	NA
ASV_894	seq894	Eukaryota	NA	NA	NA	NA	NA	NA	NA	NA
ASV_895	seq895	NA	NA	NA	NA	NA	NA	NA	NA	NA
ASV_896	seq896	Eukaryota	NA	NA	NA	NA	NA	NA	NA	NA
ASV_897	seq897	Eukaryota	NA	NA	NA	NA	NA	NA	NA	NA
ASV_898	seq898	Eukaryota	NA	NA	NA	NA	NA	NA	NA	NA
ASV_899	seq899	Eukaryota	NA	NA	NA	NA	NA	NA	NA	NA
ASV_900	seq900	Eukaryota	NA	NA	NA	NA	NA	NA	NA	NA
ASV_901	seq901	Eukaryota	NA	NA	NA	NA	NA	NA	NA	NA
ASV_902	seq902	Eukaryota	NA	NA	NA	NA	NA	NA	NA	NA
ASV_903	seq903	Eukaryota	NA	NA	NA	NA	NA	NA	NA	NA
ASV_904	seq904	Eukaryota	NA	NA	NA	NA	NA	NA	NA	NA
ASV_905	seq905	Eukaryota	Obazoa	Opisthokonta	NA	NA	NA	NA	NA	NA
ASV_906	seq906	Eukaryota	Obazoa	Opisthokonta	NA	NA	NA	NA	NA	NA
ASV_907	seq907	Eukaryota	NA	NA	NA	NA	NA	NA	NA	NA
ASV_908	seq908	NA	NA	NA	NA	NA	NA	NA	NA	NA
ASV_909	seq909	Eukaryota	NA	NA	NA	NA	NA	NA	NA	NA
ASV_910	seq910	NA	NA	NA	NA	NA	NA	NA	NA	NA
ASV_911	seq911	Eukaryota	NA	NA	NA	NA	NA	NA	NA	NA
ASV_912	seq912	Eukaryota	NA	NA	NA	NA	NA	NA	NA	NA
ASV_913	seq913	NA	NA	NA	NA	NA	NA	NA	NA	NA
ASV_914	seq914	Eukaryota	TSAR	Rhizaria	Cercozoa	Filosa-Thecofilosea	NA	NA	NA	NA
ASV_915	seq915	Eukaryota	Excavata	Discoba	Euglenozoa	Euglenida	Petalomonadida	Scytomonadidae	Scytomonas	Scytomonas_saepesedens
ASV_916	seq916	Eukaryota	Archaeplastida	Chlorophyta	Chlorophyta_X	Trebouxiophyceae	Chlorellales	Chlorellales_X	NA	NA
ASV_917	seq917	Eukaryota	NA	NA	NA	NA	NA	NA	NA	NA
ASV_918	seq918	Bacteria	Terrabacteria	Actinobacteria	Actinobacteria_X	Actinobacteria_XX	Frankiales	NA	NA	NA
ASV_919	seq919	Eukaryota	TSAR	Alveolata	Ciliophora	NA	NA	NA	NA	NA
ASV_920	seq920	Bacteria	PVC	Verrucomicrobia	Verrucomicrobia_X	Verrucomicrobiae	Chthoniobacterales	Xiphinematobacteraceae	Candidatus_Xiphinematobacter	Candidatus_Xiphinematobacter_sp.
ASV_921	seq921	Bacteria	PANNAM	Proteobacteria	Proteobacteria_X	Gammaproteobacteria	Betaproteobacteriales	NA	NA	NA
ASV_922	seq922	Eukaryota	TSAR	Alveolata	Ciliophora	Oligohymenophorea	Peniculia	Peniculida	Stokesia	Stokesia_vernalis
ASV_923	seq923	Eukaryota	NA	NA	NA	NA	NA	NA	NA	NA
ASV_924	seq924	Eukaryota	TSAR	NA	NA	NA	NA	NA	NA	NA
ASV_925	seq925	Eukaryota	NA	NA	NA	NA	NA	NA	NA	NA
ASV_926	seq926	Eukaryota	Obazoa	Opisthokonta	Metazoa	Rotifera	Rotifera_X	Rotifera_XX	NA	NA
ASV_927	seq927	Eukaryota	Obazoa	Opisthokonta	Metazoa	NA	NA	NA	NA	NA
ASV_928	seq928	Bacteria	CMS	Cyanobacteria	Cyanobacteria_X	Cyanophyceae	Synechococcales	Cyanobiaceae	Cyanobium_PCC6307	Cyanobium_PCC6307_sp.
ASV_929	seq929	Eukaryota	NA	NA	NA	NA	NA	NA	NA	NA
ASV_930	seq930	Eukaryota	Obazoa	Opisthokonta	Metazoa	NA	NA	NA	NA	NA
ASV_931	seq931	Eukaryota	Obazoa	Opisthokonta	NA	NA	NA	NA	NA	NA
ASV_932	seq932	Eukaryota	NA	NA	NA	NA	NA	NA	NA	NA
ASV_933	seq933	Bacteria	CMS	Cyanobacteria	Cyanobacteria_X	Cyanophyceae	Nostocales	Microcystaceae	Microcystis_PCC7914	Microcystis_PCC7914_sp.
ASV_934	seq934	Eukaryota	NA	NA	NA	NA	NA	NA	NA	NA
ASV_935	seq935	Eukaryota	NA	NA	NA	NA	NA	NA	NA	NA
ASV_936	seq936	Eukaryota	Amoebozoa	Evosea	Eumycetozoa	NA	NA	NA	NA	NA
ASV_937	seq937	Eukaryota	Excavata	Discoba	Euglenozoa	Euglenida	Euglenophyceae	Euglenaceae	Trachelomonas	NA
ASV_938	seq938	NA	NA	NA	NA	NA	NA	NA	NA	NA
ASV_939	seq939	Bacteria	PANNAM	Proteobacteria	Proteobacteria_X	Alphaproteobacteria	Acetobacterales	Acetobacteraceae	NA	NA
ASV_940	seq940	Eukaryota	NA	NA	NA	NA	NA	NA	NA	NA
ASV_941	seq941	NA	NA	NA	NA	NA	NA	NA	NA	NA
ASV_942	seq942	Eukaryota	NA	NA	NA	NA	NA	NA	NA	NA
ASV_943	seq943	Eukaryota	NA	NA	NA	NA	NA	NA	NA	NA
ASV_944	seq944	NA	NA	NA	NA	NA	NA	NA	NA	NA
ASV_945	seq945	Eukaryota	NA	NA	NA	NA	NA	NA	NA	NA
ASV_946	seq946	Eukaryota	TSAR	NA	NA	NA	NA	NA	NA	NA
ASV_947	seq947	Eukaryota	NA	NA	NA	NA	NA	NA	NA	NA
ASV_948	seq948	Eukaryota	Obazoa	Opisthokonta	Metazoa	NA	NA	NA	NA	NA
ASV_949	seq949	Eukaryota	NA	NA	NA	NA	NA	NA	NA	NA
ASV_950	seq950	Eukaryota	TSAR	Alveolata	Dinoflagellata	Dinophyceae	Peridiniales	Diplopsalidaceae	Kolkwitziella	Kolkwitziella_acuta
ASV_951	seq951	Eukaryota	NA	NA	NA	NA	NA	NA	NA	NA
ASV_952	seq952	Eukaryota	NA	NA	NA	NA	NA	NA	NA	NA
ASV_953	seq953	Bacteria	PANNAM	Proteobacteria	Proteobacteria_X	Gammaproteobacteria	Betaproteobacteriales	Burkholderiaceae	Burkholderiaceae_X	Burkholderiaceae_X_sp.
ASV_954	seq954	Eukaryota	NA	NA	NA	NA	NA	NA	NA	NA
ASV_955	seq955	Eukaryota	Amoebozoa	Discosea	Discosea_X	Flabellinia	Vannellida	Vannellidae	Vannella	NA
ASV_956	seq956	Eukaryota	Excavata	Discoba	Euglenozoa	Euglenida	Euglenophyceae	NA	NA	NA
ASV_957	seq957	Eukaryota	Obazoa	Opisthokonta	Metazoa	NA	NA	NA	NA	NA
ASV_958	seq958	Eukaryota	NA	NA	NA	NA	NA	NA	NA	NA
ASV_959	seq959	Eukaryota	NA	NA	NA	NA	NA	NA	NA	NA
ASV_960	seq960	Eukaryota	Obazoa	Opisthokonta	Metazoa	NA	NA	NA	NA	NA
ASV_961	seq961	Eukaryota	NA	NA	NA	NA	NA	NA	NA	NA
ASV_962	seq962	Eukaryota	NA	NA	NA	NA	NA	NA	NA	NA
ASV_963	seq963	Eukaryota	Excavata	Discoba	Euglenozoa	Euglenida	Euglenophyceae	Phacaceae	Phacus	NA
ASV_964	seq964	Eukaryota	Obazoa	Opisthokonta	NA	NA	NA	NA	NA	NA
ASV_965	seq965	NA	NA	NA	NA	NA	NA	NA	NA	NA
ASV_966	seq966	Eukaryota	NA	NA	NA	NA	NA	NA	NA	NA
ASV_967	seq967	Eukaryota	NA	NA	NA	NA	NA	NA	NA	NA
ASV_968	seq968	Eukaryota	NA	NA	NA	NA	NA	NA	NA	NA
ASV_969	seq969	Eukaryota	NA	NA	NA	NA	NA	NA	NA	NA
ASV_970	seq970	Eukaryota	NA	NA	NA	NA	NA	NA	NA	NA
ASV_971	seq971	NA	NA	NA	NA	NA	NA	NA	NA	NA
ASV_972	seq972	Eukaryota	Obazoa	Opisthokonta	Metazoa	Arthropoda	NA	NA	NA	NA
ASV_973	seq973	Eukaryota	Obazoa	Opisthokonta	Metazoa	NA	NA	NA	NA	NA
ASV_974	seq974	Eukaryota	Obazoa	Opisthokonta	Metazoa	NA	NA	NA	NA	NA
ASV_975	seq975	Bacteria	PANNAM	Proteobacteria	Proteobacteria_X	Alphaproteobacteria	Acetobacterales	Acetobacteraceae	NA	NA
ASV_976	seq976	Eukaryota	NA	NA	NA	NA	NA	NA	NA	NA
ASV_977	seq977	Eukaryota	NA	NA	NA	NA	NA	NA	NA	NA
ASV_978	seq978	Eukaryota	NA	NA	NA	NA	NA	NA	NA	NA
ASV_979	seq979	Eukaryota	TSAR	NA	NA	NA	NA	NA	NA	NA
ASV_980	seq980	Bacteria	CMS	Cyanobacteria	Cyanobacteria_X	Cyanophyceae	Nostocales	Nostocaceae	NA	NA
ASV_981	seq981	Eukaryota	NA	NA	NA	NA	NA	NA	NA	NA
ASV_982	seq982	Bacteria	PANNAM	Proteobacteria	Proteobacteria_X	Gammaproteobacteria	Betaproteobacteriales	NA	NA	NA
ASV_983	seq983	Eukaryota	TSAR	Alveolata	Ciliophora	Oligohymenophorea	Peniculia	Peniculida	Stokesia	Stokesia_vernalis
ASV_984	seq984	NA	NA	NA	NA	NA	NA	NA	NA	NA
ASV_985	seq985	Bacteria	FCB	Bacteroidetes	Bacteroidetes_X	Bacteroidia	NA	NA	NA	NA
ASV_986	seq986	Eukaryota	NA	NA	NA	NA	NA	NA	NA	NA
ASV_987	seq987	NA	NA	NA	NA	NA	NA	NA	NA	NA
ASV_988	seq988	Eukaryota	TSAR	Alveolata	Ciliophora	Oligohymenophorea	Peniculia	Peniculida	Stokesia	Stokesia_vernalis
ASV_989	seq989	Eukaryota	NA	NA	NA	NA	NA	NA	NA	NA
ASV_990	seq990	Eukaryota	NA	NA	NA	NA	NA	NA	NA	NA
ASV_991	seq991	Bacteria	PANNAM	Acidobacteria	Acidobacteria_X	Subgroup_6	Unknown_Order	Unknown_Order_X	Vicinamibacter	Vicinamibacter_sp.
ASV_992	seq992	Bacteria	PANNAM	Proteobacteria	Proteobacteria_X	Alphaproteobacteria	Acetobacterales	Acetobacteraceae	NA	NA
ASV_993	seq993	Eukaryota	NA	NA	NA	NA	NA	NA	NA	NA
ASV_994	seq994	Eukaryota	NA	NA	NA	NA	NA	NA	NA	NA
ASV_995	seq995	Bacteria	FCB	Bacteroidetes	Bacteroidetes_X	Bacteroidia	Flavobacteriales	Weeksellaceae	Elizabethkingia	Elizabethkingia_sp.
ASV_996	seq996	Bacteria	CMS	Cyanobacteria	Cyanobacteria_X	Cyanophyceae	Synechococcales	Cyanobiaceae	Cyanobium_PCC6307	Cyanobium_PCC6307_sp.
ASV_997	seq997	NA	NA	NA	NA	NA	NA	NA	NA	NA
ASV_998	seq998	NA	NA	NA	NA	NA	NA	NA	NA	NA
ASV_999	seq999	Bacteria	PANNAM	Acidobacteria	Acidobacteria_X	Subgroup_6	Unknown_Order	Unknown_Order_X	Luteitalea	Luteitalea_sp.
ASV_1000	seq1000	Eukaryota	Obazoa	Opisthokonta	Metazoa	Arthropoda	Crustacea	Maxillopoda	NA	NA
ASV_1001	seq1001	Eukaryota	Archaeplastida	Chlorophyta	Chlorophyta_X	Trebouxiophyceae	Chlorellales	Chlorellales_X	NA	NA
ASV_1002	seq1002	Eukaryota	NA	NA	NA	NA	NA	NA	NA	NA
ASV_1003	seq1003	Eukaryota	NA	NA	NA	NA	NA	NA	NA	NA
ASV_1004	seq1004	Eukaryota	Excavata	Discoba	Euglenozoa	Euglenida	Euglenophyceae	Euglenaceae	Euglena	Euglena_satelles
ASV_1005	seq1005	Eukaryota	Obazoa	Opisthokonta	Metazoa	NA	NA	NA	NA	NA
ASV_1006	seq1006	Eukaryota	Excavata	Discoba	Euglenozoa	Euglenida	Petalomonadida	Scytomonadidae	Scytomonas	Scytomonas_saepesedens
ASV_1007	seq1007	Eukaryota	NA	NA	NA	NA	NA	NA	NA	NA
ASV_1008	seq1008	Eukaryota	NA	NA	NA	NA	NA	NA	NA	NA
ASV_1009	seq1009	Eukaryota	NA	NA	NA	NA	NA	NA	NA	NA
ASV_1010	seq1010	Eukaryota	NA	NA	NA	NA	NA	NA	NA	NA
ASV_1011	seq1011	Eukaryota	Obazoa	Opisthokonta	Metazoa	NA	NA	NA	NA	NA
ASV_1012	seq1012	Eukaryota	NA	NA	NA	NA	NA	NA	NA	NA
ASV_1013	seq1013	Eukaryota	TSAR	Alveolata	Ciliophora	Oligohymenophorea	Peritrichia_2	Sessilida	NA	NA
ASV_1014	seq1014	Eukaryota	NA	NA	NA	NA	NA	NA	NA	NA
ASV_1015	seq1015	NA	NA	NA	NA	NA	NA	NA	NA	NA
ASV_1016	seq1016	Eukaryota	NA	NA	NA	NA	NA	NA	NA	NA
ASV_1017	seq1017	Eukaryota	Obazoa	Opisthokonta	NA	NA	NA	NA	NA	NA
ASV_1018	seq1018	Eukaryota	NA	NA	NA	NA	NA	NA	NA	NA
ASV_1019	seq1019	NA	NA	NA	NA	NA	NA	NA	NA	NA
ASV_1020	seq1020	Bacteria	PANNAM	Proteobacteria	Proteobacteria_X	Alphaproteobacteria	Acetobacterales	Acetobacteraceae	NA	NA
ASV_1021	seq1021	Eukaryota	NA	NA	NA	NA	NA	NA	NA	NA
ASV_1022	seq1022	Bacteria	PANNAM	Proteobacteria	Proteobacteria_X	Alphaproteobacteria	Rhizobiales	NA	NA	NA
ASV_1023	seq1023	Eukaryota	NA	NA	NA	NA	NA	NA	NA	NA
ASV_1024	seq1024	NA	NA	NA	NA	NA	NA	NA	NA	NA
ASV_1025	seq1025	Eukaryota	NA	NA	NA	NA	NA	NA	NA	NA
ASV_1026	seq1026	Eukaryota	NA	NA	NA	NA	NA	NA	NA	NA
ASV_1027	seq1027	Eukaryota	NA	NA	NA	NA	NA	NA	NA	NA
ASV_1028	seq1028	Eukaryota	NA	NA	NA	NA	NA	NA	NA	NA
ASV_1029	seq1029	NA	NA	NA	NA	NA	NA	NA	NA	NA
ASV_1030	seq1030	Eukaryota	NA	NA	NA	NA	NA	NA	NA	NA
ASV_1031	seq1031	NA	NA	NA	NA	NA	NA	NA	NA	NA
ASV_1032	seq1032	Eukaryota	NA	NA	NA	NA	NA	NA	NA	NA
ASV_1033	seq1033	Eukaryota	NA	NA	NA	NA	NA	NA	NA	NA
ASV_1034	seq1034	Eukaryota	NA	NA	NA	NA	NA	NA	NA	NA
ASV_1035	seq1035	Eukaryota	NA	NA	NA	NA	NA	NA	NA	NA
ASV_1036	seq1036	Eukaryota	Obazoa	Opisthokonta	Metazoa	NA	NA	NA	NA	NA
ASV_1037	seq1037	Eukaryota	Obazoa	Opisthokonta	Metazoa	NA	NA	NA	NA	NA
ASV_1038	seq1038	Eukaryota	NA	NA	NA	NA	NA	NA	NA	NA
ASV_1039	seq1039	Eukaryota	NA	NA	NA	NA	NA	NA	NA	NA
ASV_1040	seq1040	NA	NA	NA	NA	NA	NA	NA	NA	NA
ASV_1041	seq1041	Eukaryota	NA	NA	NA	NA	NA	NA	NA	NA
ASV_1042	seq1042	NA	NA	NA	NA	NA	NA	NA	NA	NA
ASV_1043	seq1043	NA	NA	NA	NA	NA	NA	NA	NA	NA
ASV_1044	seq1044	Eukaryota	NA	NA	NA	NA	NA	NA	NA	NA
ASV_1045	seq1045	Bacteria	Terrabacteria	Firmicutes	Firmicutes_X	Bacilli	Bacillales	NA	NA	NA
ASV_1046	seq1046	NA	NA	NA	NA	NA	NA	NA	NA	NA
ASV_1047	seq1047	Eukaryota	NA	NA	NA	NA	NA	NA	NA	NA
ASV_1048	seq1048	Eukaryota	NA	NA	NA	NA	NA	NA	NA	NA
ASV_1049	seq1049	Eukaryota	NA	NA	NA	NA	NA	NA	NA	NA
ASV_1050	seq1050	Eukaryota	NA	NA	NA	NA	NA	NA	NA	NA
ASV_1051	seq1051	NA	NA	NA	NA	NA	NA	NA	NA	NA
ASV_1052	seq1052	Eukaryota	NA	NA	NA	NA	NA	NA	NA	NA
ASV_1053	seq1053	Eukaryota	Obazoa	Opisthokonta	Metazoa	NA	NA	NA	NA	NA
ASV_1054	seq1054	Eukaryota	NA	NA	NA	NA	NA	NA	NA	NA
ASV_1055	seq1055	Eukaryota	NA	NA	NA	NA	NA	NA	NA	NA
ASV_1056	seq1056	Eukaryota	Obazoa	Opisthokonta	Metazoa	Arthropoda	Crustacea	Malacostraca	NA	NA
ASV_1057	seq1057	Eukaryota	NA	NA	NA	NA	NA	NA	NA	NA
ASV_1058	seq1058	Eukaryota	NA	NA	NA	NA	NA	NA	NA	NA
ASV_1059	seq1059	Bacteria	Terrabacteria	Firmicutes	Firmicutes_X	Clostridia	Clostridiales	Ruminococcaceae	NA	NA
ASV_1060	seq1060	Eukaryota	Obazoa	Opisthokonta	NA	NA	NA	NA	NA	NA
ASV_1061	seq1061	Eukaryota	NA	NA	NA	NA	NA	NA	NA	NA
ASV_1062	seq1062	Eukaryota	Obazoa	Opisthokonta	Metazoa	NA	NA	NA	NA	NA
ASV_1063	seq1063	Eukaryota	NA	NA	NA	NA	NA	NA	NA	NA
ASV_1064	seq1064	Eukaryota	NA	NA	NA	NA	NA	NA	NA	NA
ASV_1065	seq1065	Eukaryota	Obazoa	Opisthokonta	Metazoa	NA	NA	NA	NA	NA
ASV_1066	seq1066	Eukaryota	NA	NA	NA	NA	NA	NA	NA	NA
ASV_1067	seq1067	Eukaryota	Obazoa	Opisthokonta	Metazoa	NA	NA	NA	NA	NA
ASV_1068	seq1068	Eukaryota	NA	NA	NA	NA	NA	NA	NA	NA
ASV_1069	seq1069	Eukaryota	NA	NA	NA	NA	NA	NA	NA	NA
ASV_1070	seq1070	Eukaryota	NA	NA	NA	NA	NA	NA	NA	NA
ASV_1071	seq1071	Eukaryota	Obazoa	Opisthokonta	Metazoa	NA	NA	NA	NA	NA
ASV_1072	seq1072	Eukaryota	NA	NA	NA	NA	NA	NA	NA	NA
ASV_1073	seq1073	Eukaryota	NA	NA	NA	NA	NA	NA	NA	NA
ASV_1074	seq1074	Eukaryota	NA	NA	NA	NA	NA	NA	NA	NA
ASV_1075	seq1075	Eukaryota	Obazoa	Opisthokonta	Metazoa	NA	NA	NA	NA	NA
ASV_1076	seq1076	Eukaryota	NA	NA	NA	NA	NA	NA	NA	NA
ASV_1077	seq1077	Eukaryota	NA	NA	NA	NA	NA	NA	NA	NA
ASV_1078	seq1078	NA	NA	NA	NA	NA	NA	NA	NA	NA
ASV_1079	seq1079	Eukaryota	NA	NA	NA	NA	NA	NA	NA	NA
ASV_1080	seq1080	Eukaryota	NA	NA	NA	NA	NA	NA	NA	NA
ASV_1081	seq1081	Eukaryota	NA	NA	NA	NA	NA	NA	NA	NA
ASV_1082	seq1082	Eukaryota	NA	NA	NA	NA	NA	NA	NA	NA
ASV_1083	seq1083	Eukaryota:plas	Archaeplastida:plas	Chlorophyta:plas	Chlorophyta_X:plas	Trebouxiophyceae:plas	Chlorellales:plas	Chlorellales_X:plas	Parachlorella:plas	Parachlorella_kessleri:plas
ASV_1084	seq1084	Eukaryota	Obazoa	Opisthokonta	NA	NA	NA	NA	NA	NA
ASV_1085	seq1085	Eukaryota	NA	NA	NA	NA	NA	NA	NA	NA
ASV_1086	seq1086	Eukaryota	Obazoa	Opisthokonta	NA	NA	NA	NA	NA	NA
ASV_1087	seq1087	Eukaryota	NA	NA	NA	NA	NA	NA	NA	NA
ASV_1088	seq1088	Eukaryota	NA	NA	NA	NA	NA	NA	NA	NA
ASV_1089	seq1089	Eukaryota	NA	NA	NA	NA	NA	NA	NA	NA
ASV_1090	seq1090	Eukaryota	NA	NA	NA	NA	NA	NA	NA	NA
ASV_1091	seq1091	Eukaryota	NA	NA	NA	NA	NA	NA	NA	NA
ASV_1092	seq1092	Eukaryota	NA	NA	NA	NA	NA	NA	NA	NA
ASV_1093	seq1093	Eukaryota	NA	NA	NA	NA	NA	NA	NA	NA
ASV_1094	seq1094	Eukaryota	NA	NA	NA	NA	NA	NA	NA	NA
ASV_1095	seq1095	Eukaryota	NA	NA	NA	NA	NA	NA	NA	NA
ASV_1096	seq1096	NA	NA	NA	NA	NA	NA	NA	NA	NA
ASV_1097	seq1097	Eukaryota	NA	NA	NA	NA	NA	NA	NA	NA
ASV_1098	seq1098	Eukaryota	NA	NA	NA	NA	NA	NA	NA	NA
ASV_1099	seq1099	Eukaryota	Archaeplastida	Chlorophyta	Chlorophyta_X	Trebouxiophyceae	Chlorellales	Chlorellales_X	NA	NA
ASV_1100	seq1100	Eukaryota	NA	NA	NA	NA	NA	NA	NA	NA
ASV_1101	seq1101	Eukaryota	NA	NA	NA	NA	NA	NA	NA	NA
ASV_1102	seq1102	Eukaryota	NA	NA	NA	NA	NA	NA	NA	NA
ASV_1103	seq1103	Bacteria	PANNAM	Proteobacteria	Proteobacteria_X	Alphaproteobacteria	Rhizobiales	Xanthobacteraceae	Nitrobacter	Nitrobacter_sp.
ASV_1104	seq1104	NA	NA	NA	NA	NA	NA	NA	NA	NA
ASV_1105	seq1105	Eukaryota	Obazoa	Opisthokonta	Metazoa	NA	NA	NA	NA	NA
ASV_1106	seq1106	Eukaryota	NA	NA	NA	NA	NA	NA	NA	NA
ASV_1107	seq1107	Eukaryota	NA	NA	NA	NA	NA	NA	NA	NA
ASV_1108	seq1108	Eukaryota	NA	NA	NA	NA	NA	NA	NA	NA
ASV_1109	seq1109	Eukaryota	NA	NA	NA	NA	NA	NA	NA	NA
ASV_1110	seq1110	NA	NA	NA	NA	NA	NA	NA	NA	NA
ASV_1111	seq1111	Bacteria	Terrabacteria	Actinobacteria	Actinobacteria_X	Acidimicrobiia	Microtrichales	Ilumatobacteraceae	Ilumatobacteraceae_X	Ilumatobacteraceae_X_sp.
ASV_1112	seq1112	NA	NA	NA	NA	NA	NA	NA	NA	NA
ASV_1113	seq1113	Eukaryota	NA	NA	NA	NA	NA	NA	NA	NA
ASV_1114	seq1114	NA	NA	NA	NA	NA	NA	NA	NA	NA
ASV_1115	seq1115	Bacteria	FCB	Bacteroidetes	Bacteroidetes_X	Bacteroidia	Chitinophagales	Chitinophagaceae	Ferruginibacter	Ferruginibacter_sp.
ASV_1116	seq1116	Eukaryota	NA	NA	NA	NA	NA	NA	NA	NA
ASV_1117	seq1117	NA	NA	NA	NA	NA	NA	NA	NA	NA
ASV_1118	seq1118	Eukaryota	TSAR	NA	NA	NA	NA	NA	NA	NA
ASV_1119	seq1119	Eukaryota	NA	NA	NA	NA	NA	NA	NA	NA
ASV_1120	seq1120	Eukaryota	NA	NA	NA	NA	NA	NA	NA	NA
ASV_1121	seq1121	Eukaryota	NA	NA	NA	NA	NA	NA	NA	NA
ASV_1122	seq1122	Bacteria	PANNAM	Proteobacteria	Proteobacteria_X	Gammaproteobacteria	Xanthomonadales	Xanthomonadaceae	Thermomonas	Thermomonas_sp.
ASV_1123	seq1123	Eukaryota	NA	NA	NA	NA	NA	NA	NA	NA
ASV_1124	seq1124	Bacteria	CMS	Cyanobacteria	Cyanobacteria_X	Cyanophyceae	Synechococcales	Cyanobiaceae	Cyanobium_PCC6307	Cyanobium_PCC6307_sp.
ASV_1125	seq1125	Eukaryota	NA	NA	NA	NA	NA	NA	NA	NA
ASV_1126	seq1126	Bacteria	FCB	Bacteroidetes	Bacteroidetes_X	Bacteroidia	Flavobacteriales	Flavobacteriaceae	Flavobacterium	Flavobacterium_sp.
ASV_1127	seq1127	Eukaryota	TSAR	Rhizaria	Foraminifera	NA	NA	NA	NA	NA
ASV_1128	seq1128	Eukaryota	Obazoa	Opisthokonta	NA	NA	NA	NA	NA	NA
ASV_1129	seq1129	Bacteria	PVC	Planctomycetes	Planctomycetes_X	Planctomycetacia	Pirellulales	Pirellulaceae	Blastopirellula	Blastopirellula_sp.
ASV_1130	seq1130	Eukaryota	NA	NA	NA	NA	NA	NA	NA	NA
ASV_1131	seq1131	Bacteria	Terrabacteria	Actinobacteria	Actinobacteria_X	Actinobacteria_XX	Frankiales	NA	NA	NA
ASV_1132	seq1132	Eukaryota	NA	NA	NA	NA	NA	NA	NA	NA
ASV_1133	seq1133	Eukaryota	NA	NA	NA	NA	NA	NA	NA	NA
ASV_1134	seq1134	Eukaryota	NA	NA	NA	NA	NA	NA	NA	NA
ASV_1135	seq1135	Eukaryota	Obazoa	Opisthokonta	Metazoa	NA	NA	NA	NA	NA
ASV_1136	seq1136	Eukaryota	NA	NA	NA	NA	NA	NA	NA	NA
ASV_1137	seq1137	Eukaryota	NA	NA	NA	NA	NA	NA	NA	NA
ASV_1138	seq1138	Eukaryota	NA	NA	NA	NA	NA	NA	NA	NA
ASV_1139	seq1139	NA	NA	NA	NA	NA	NA	NA	NA	NA
ASV_1140	seq1140	Eukaryota	TSAR	Rhizaria	Foraminifera	NA	NA	NA	NA	NA
ASV_1141	seq1141	Eukaryota	NA	NA	NA	NA	NA	NA	NA	NA
ASV_1142	seq1142	Eukaryota	NA	NA	NA	NA	NA	NA	NA	NA
ASV_1143	seq1143	Eukaryota	Obazoa	Opisthokonta	Metazoa	Platyhelminthes	NA	NA	NA	NA
ASV_1144	seq1144	NA	NA	NA	NA	NA	NA	NA	NA	NA
ASV_1145	seq1145	Eukaryota	NA	NA	NA	NA	NA	NA	NA	NA
ASV_1146	seq1146	NA	NA	NA	NA	NA	NA	NA	NA	NA
ASV_1147	seq1147	Eukaryota	NA	NA	NA	NA	NA	NA	NA	NA
ASV_1148	seq1148	Eukaryota	TSAR	Stramenopiles	Gyrista	Chrysophyceae	Synurales	Synuraceae	Mallomonas	NA
ASV_1149	seq1149	NA	NA	NA	NA	NA	NA	NA	NA	NA
ASV_1150	seq1150	Eukaryota	NA	NA	NA	NA	NA	NA	NA	NA
ASV_1151	seq1151	Eukaryota	NA	NA	NA	NA	NA	NA	NA	NA
ASV_1152	seq1152	Eukaryota	Obazoa	Opisthokonta	Metazoa	NA	NA	NA	NA	NA
ASV_1153	seq1153	Eukaryota	TSAR	Rhizaria	Foraminifera	NA	NA	NA	NA	NA
ASV_1154	seq1154	Eukaryota	NA	NA	NA	NA	NA	NA	NA	NA
ASV_1155	seq1155	Eukaryota	NA	NA	NA	NA	NA	NA	NA	NA
ASV_1156	seq1156	Eukaryota	NA	NA	NA	NA	NA	NA	NA	NA
ASV_1157	seq1157	Eukaryota	NA	NA	NA	NA	NA	NA	NA	NA
ASV_1158	seq1158	Eukaryota	NA	NA	NA	NA	NA	NA	NA	NA
ASV_1159	seq1159	Eukaryota	NA	NA	NA	NA	NA	NA	NA	NA
ASV_1160	seq1160	Eukaryota	NA	NA	NA	NA	NA	NA	NA	NA
ASV_1161	seq1161	Eukaryota	NA	NA	NA	NA	NA	NA	NA	NA
ASV_1162	seq1162	Eukaryota	NA	NA	NA	NA	NA	NA	NA	NA
ASV_1163	seq1163	Eukaryota	NA	NA	NA	NA	NA	NA	NA	NA
ASV_1164	seq1164	NA	NA	NA	NA	NA	NA	NA	NA	NA
ASV_1165	seq1165	NA	NA	NA	NA	NA	NA	NA	NA	NA
ASV_1166	seq1166	Eukaryota	TSAR	NA	NA	NA	NA	NA	NA	NA
ASV_1167	seq1167	Eukaryota	NA	NA	NA	NA	NA	NA	NA	NA
ASV_1168	seq1168	Eukaryota	TSAR	NA	NA	NA	NA	NA	NA	NA
ASV_1169	seq1169	Eukaryota:mito	NA	NA	NA	NA	NA	NA	NA	NA
ASV_1170	seq1170	NA	NA	NA	NA	NA	NA	NA	NA	NA
ASV_1171	seq1171	Eukaryota	NA	NA	NA	NA	NA	NA	NA	NA
ASV_1172	seq1172	Eukaryota	NA	NA	NA	NA	NA	NA	NA	NA
ASV_1173	seq1173	Bacteria	PANNAM	Proteobacteria	Proteobacteria_X	Alphaproteobacteria	Rhizobiales	NA	NA	NA
ASV_1174	seq1174	NA	NA	NA	NA	NA	NA	NA	NA	NA
ASV_1175	seq1175	Eukaryota	NA	NA	NA	NA	NA	NA	NA	NA
ASV_1176	seq1176	Eukaryota	NA	NA	NA	NA	NA	NA	NA	NA
ASV_1177	seq1177	NA	NA	NA	NA	NA	NA	NA	NA	NA
ASV_1178	seq1178	Eukaryota	NA	NA	NA	NA	NA	NA	NA	NA
ASV_1179	seq1179	Eukaryota	NA	NA	NA	NA	NA	NA	NA	NA
ASV_1180	seq1180	Eukaryota	Obazoa	Opisthokonta	Metazoa	NA	NA	NA	NA	NA
ASV_1181	seq1181	NA	NA	NA	NA	NA	NA	NA	NA	NA
ASV_1182	seq1182	Eukaryota	NA	NA	NA	NA	NA	NA	NA	NA
ASV_1183	seq1183	Eukaryota	Excavata	Discoba	Euglenozoa	Euglenida	Euglenophyceae	NA	NA	NA
ASV_1184	seq1184	Eukaryota	NA	NA	NA	NA	NA	NA	NA	NA
ASV_1185	seq1185	Eukaryota	NA	NA	NA	NA	NA	NA	NA	NA
ASV_1186	seq1186	Eukaryota	Obazoa	Opisthokonta	Metazoa	NA	NA	NA	NA	NA
ASV_1187	seq1187	Eukaryota	NA	NA	NA	NA	NA	NA	NA	NA
ASV_1188	seq1188	Eukaryota	Obazoa	Opisthokonta	Metazoa	NA	NA	NA	NA	NA
ASV_1189	seq1189	NA	NA	NA	NA	NA	NA	NA	NA	NA
ASV_1190	seq1190	Eukaryota	NA	NA	NA	NA	NA	NA	NA	NA
ASV_1191	seq1191	Eukaryota	NA	NA	NA	NA	NA	NA	NA	NA
ASV_1192	seq1192	Eukaryota	NA	NA	NA	NA	NA	NA	NA	NA
ASV_1193	seq1193	NA	NA	NA	NA	NA	NA	NA	NA	NA
ASV_1194	seq1194	Eukaryota	NA	NA	NA	NA	NA	NA	NA	NA
ASV_1195	seq1195	Eukaryota	NA	NA	NA	NA	NA	NA	NA	NA
ASV_1196	seq1196	Eukaryota	NA	NA	NA	NA	NA	NA	NA	NA
ASV_1197	seq1197	NA	NA	NA	NA	NA	NA	NA	NA	NA
ASV_1198	seq1198	Bacteria	PVC	Planctomycetes	Planctomycetes_X	Planctomycetacia	Pirellulales	Pirellulaceae	Pirellula	Pirellula_sp.
ASV_1199	seq1199	Eukaryota	NA	NA	NA	NA	NA	NA	NA	NA
ASV_1200	seq1200	NA	NA	NA	NA	NA	NA	NA	NA	NA
ASV_1201	seq1201	Eukaryota	TSAR	NA	NA	NA	NA	NA	NA	NA
ASV_1202	seq1202	Eukaryota	NA	NA	NA	NA	NA	NA	NA	NA
ASV_1203	seq1203	Eukaryota	NA	NA	NA	NA	NA	NA	NA	NA
ASV_1204	seq1204	Eukaryota	NA	NA	NA	NA	NA	NA	NA	NA
ASV_1205	seq1205	Eukaryota	NA	NA	NA	NA	NA	NA	NA	NA
ASV_1206	seq1206	Eukaryota	NA	NA	NA	NA	NA	NA	NA	NA
ASV_1207	seq1207	NA	NA	NA	NA	NA	NA	NA	NA	NA
ASV_1208	seq1208	Eukaryota	NA	NA	NA	NA	NA	NA	NA	NA
ASV_1209	seq1209	Eukaryota	NA	NA	NA	NA	NA	NA	NA	NA
ASV_1210	seq1210	Eukaryota	NA	NA	NA	NA	NA	NA	NA	NA
ASV_1211	seq1211	Eukaryota	NA	NA	NA	NA	NA	NA	NA	NA
ASV_1212	seq1212	Eukaryota	NA	NA	NA	NA	NA	NA	NA	NA
ASV_1213	seq1213	Eukaryota	Excavata	Discoba	Euglenozoa	Euglenida	NA	NA	NA	NA
ASV_1214	seq1214	Eukaryota	NA	NA	NA	NA	NA	NA	NA	NA
ASV_1215	seq1215	Bacteria	PVC	Planctomycetes	Planctomycetes_X	Planctomycetacia	Gemmatales	Gemmataceae	NA	NA
ASV_1216	seq1216	Eukaryota	Obazoa	Opisthokonta	Metazoa	NA	NA	NA	NA	NA
ASV_1217	seq1217	Eukaryota	NA	NA	NA	NA	NA	NA	NA	NA
ASV_1218	seq1218	Eukaryota	Obazoa	Opisthokonta	Metazoa	NA	NA	NA	NA	NA
ASV_1219	seq1219	Eukaryota	Obazoa	Opisthokonta	Metazoa	NA	NA	NA	NA	NA
ASV_1220	seq1220	Eukaryota	NA	NA	NA	NA	NA	NA	NA	NA
ASV_1221	seq1221	Eukaryota	NA	NA	NA	NA	NA	NA	NA	NA
ASV_1222	seq1222	Eukaryota	NA	NA	NA	NA	NA	NA	NA	NA
ASV_1223	seq1223	NA	NA	NA	NA	NA	NA	NA	NA	NA
ASV_1224	seq1224	Eukaryota	NA	NA	NA	NA	NA	NA	NA	NA
ASV_1225	seq1225	Eukaryota	NA	NA	NA	NA	NA	NA	NA	NA
ASV_1226	seq1226	Eukaryota	NA	NA	NA	NA	NA	NA	NA	NA
ASV_1227	seq1227	Eukaryota	Obazoa	Opisthokonta	Metazoa	NA	NA	NA	NA	NA
ASV_1228	seq1228	Eukaryota	NA	NA	NA	NA	NA	NA	NA	NA
ASV_1229	seq1229	Eukaryota	Obazoa	Opisthokonta	Metazoa	NA	NA	NA	NA	NA
ASV_1230	seq1230	Eukaryota	NA	NA	NA	NA	NA	NA	NA	NA
ASV_1231	seq1231	Eukaryota	NA	NA	NA	NA	NA	NA	NA	NA
ASV_1232	seq1232	NA	NA	NA	NA	NA	NA	NA	NA	NA
ASV_1233	seq1233	Eukaryota	Obazoa	Opisthokonta	Metazoa	NA	NA	NA	NA	NA
ASV_1234	seq1234	Eukaryota	NA	NA	NA	NA	NA	NA	NA	NA
ASV_1235	seq1235	Eukaryota	NA	NA	NA	NA	NA	NA	NA	NA
ASV_1236	seq1236	Eukaryota	NA	NA	NA	NA	NA	NA	NA	NA
ASV_1237	seq1237	Eukaryota	NA	NA	NA	NA	NA	NA	NA	NA
ASV_1238	seq1238	Eukaryota	Obazoa	Opisthokonta	Metazoa	NA	NA	NA	NA	NA
ASV_1239	seq1239	Eukaryota	NA	NA	NA	NA	NA	NA	NA	NA
ASV_1240	seq1240	Bacteria	CMS	Cyanobacteria	Cyanobacteria_X	Cyanophyceae	Chroococcales	Chroococcales_X	Gloeocapsa	Gloeocapsa_sp.
ASV_1241	seq1241	Bacteria	FCB	Bacteroidetes	Bacteroidetes_X	Bacteroidia	Cytophagales	Microscillaceae	Microscillaceae_X	Microscillaceae_X_sp.
ASV_1242	seq1242	Bacteria	PANNAM	Proteobacteria	Proteobacteria_X	Gammaproteobacteria	Betaproteobacteriales	NA	NA	NA
ASV_1243	seq1243	Bacteria	PANNAM	Proteobacteria	Proteobacteria_X	Gammaproteobacteria	Cellvibrionales	Halieaceae	OM60(NOR5)_clade	OM60(NOR5)_clade_sp.
ASV_1244	seq1244	Eukaryota	Obazoa	Opisthokonta	Metazoa	NA	NA	NA	NA	NA
ASV_1245	seq1245	Eukaryota	NA	NA	NA	NA	NA	NA	NA	NA
ASV_1246	seq1246	NA	NA	NA	NA	NA	NA	NA	NA	NA
ASV_1247	seq1247	Eukaryota	NA	NA	NA	NA	NA	NA	NA	NA
ASV_1248	seq1248	Eukaryota	NA	NA	NA	NA	NA	NA	NA	NA
ASV_1249	seq1249	Eukaryota	NA	NA	NA	NA	NA	NA	NA	NA
ASV_1250	seq1250	Eukaryota	Excavata	Discoba	Euglenozoa	Euglenida	Petalomonadida	Scytomonadidae	Scytomonas	Scytomonas_saepesedens
ASV_1251	seq1251	Eukaryota	Obazoa	Opisthokonta	Metazoa	NA	NA	NA	NA	NA
ASV_1252	seq1252	Eukaryota	NA	NA	NA	NA	NA	NA	NA	NA
ASV_1253	seq1253	Eukaryota	NA	NA	NA	NA	NA	NA	NA	NA
ASV_1254	seq1254	Eukaryota	NA	NA	NA	NA	NA	NA	NA	NA
ASV_1255	seq1255	NA	NA	NA	NA	NA	NA	NA	NA	NA
ASV_1256	seq1256	Eukaryota	NA	NA	NA	NA	NA	NA	NA	NA
ASV_1257	seq1257	Eukaryota	NA	NA	NA	NA	NA	NA	NA	NA
ASV_1258	seq1258	Eukaryota	NA	NA	NA	NA	NA	NA	NA	NA
ASV_1259	seq1259	Eukaryota	Obazoa	Opisthokonta	NA	NA	NA	NA	NA	NA
ASV_1260	seq1260	Eukaryota	NA	NA	NA	NA	NA	NA	NA	NA
ASV_1261	seq1261	Eukaryota	NA	NA	NA	NA	NA	NA	NA	NA
ASV_1262	seq1262	Eukaryota	NA	NA	NA	NA	NA	NA	NA	NA
ASV_1263	seq1263	NA	NA	NA	NA	NA	NA	NA	NA	NA
ASV_1264	seq1264	Eukaryota	NA	NA	NA	NA	NA	NA	NA	NA
ASV_1265	seq1265	Eukaryota	Excavata	Discoba	Euglenozoa	Euglenida	Euglenophyceae	NA	NA	NA
ASV_1266	seq1266	Eukaryota	NA	NA	NA	NA	NA	NA	NA	NA
ASV_1267	seq1267	Eukaryota	NA	NA	NA	NA	NA	NA	NA	NA
ASV_1268	seq1268	NA	NA	NA	NA	NA	NA	NA	NA	NA
ASV_1269	seq1269	Eukaryota	NA	NA	NA	NA	NA	NA	NA	NA
ASV_1270	seq1270	Eukaryota	Obazoa	Opisthokonta	Metazoa	NA	NA	NA	NA	NA
ASV_1271	seq1271	Eukaryota	NA	NA	NA	NA	NA	NA	NA	NA
ASV_1272	seq1272	Eukaryota	Obazoa	Opisthokonta	Metazoa	NA	NA	NA	NA	NA
ASV_1273	seq1273	Eukaryota	NA	NA	NA	NA	NA	NA	NA	NA
ASV_1274	seq1274	Eukaryota	Obazoa	Opisthokonta	Metazoa	NA	NA	NA	NA	NA
ASV_1275	seq1275	Eukaryota	NA	NA	NA	NA	NA	NA	NA	NA
ASV_1276	seq1276	Bacteria	PVC	Planctomycetes	Planctomycetes_X	Planctomycetacia	Pirellulales	Pirellulaceae	Pirellula	Pirellula_sp.
ASV_1277	seq1277	Eukaryota	NA	NA	NA	NA	NA	NA	NA	NA
ASV_1278	seq1278	Eukaryota	NA	NA	NA	NA	NA	NA	NA	NA
ASV_1279	seq1279	Eukaryota	NA	NA	NA	NA	NA	NA	NA	NA
ASV_1280	seq1280	Eukaryota	NA	NA	NA	NA	NA	NA	NA	NA
ASV_1281	seq1281	Eukaryota	NA	NA	NA	NA	NA	NA	NA	NA
ASV_1282	seq1282	Eukaryota	NA	NA	NA	NA	NA	NA	NA	NA
ASV_1283	seq1283	Eukaryota	NA	NA	NA	NA	NA	NA	NA	NA
ASV_1284	seq1284	Eukaryota	NA	NA	NA	NA	NA	NA	NA	NA
ASV_1285	seq1285	Eukaryota	NA	NA	NA	NA	NA	NA	NA	NA
ASV_1286	seq1286	Eukaryota	NA	NA	NA	NA	NA	NA	NA	NA
ASV_1287	seq1287	Eukaryota	Obazoa	Opisthokonta	Metazoa	NA	NA	NA	NA	NA
ASV_1288	seq1288	Eukaryota	NA	NA	NA	NA	NA	NA	NA	NA
ASV_1289	seq1289	Eukaryota	NA	NA	NA	NA	NA	NA	NA	NA
ASV_1290	seq1290	Eukaryota	Obazoa	Opisthokonta	NA	NA	NA	NA	NA	NA
ASV_1291	seq1291	Eukaryota	Obazoa	Opisthokonta	Metazoa	NA	NA	NA	NA	NA
ASV_1292	seq1292	Eukaryota	NA	NA	NA	NA	NA	NA	NA	NA
ASV_1293	seq1293	Eukaryota	Obazoa	Opisthokonta	Metazoa	NA	NA	NA	NA	NA
ASV_1294	seq1294	Eukaryota	NA	NA	NA	NA	NA	NA	NA	NA
ASV_1295	seq1295	Eukaryota	NA	NA	NA	NA	NA	NA	NA	NA
ASV_1296	seq1296	Eukaryota	Obazoa	Opisthokonta	Metazoa	NA	NA	NA	NA	NA
ASV_1297	seq1297	Eukaryota	NA	NA	NA	NA	NA	NA	NA	NA
ASV_1298	seq1298	Eukaryota	Obazoa	Opisthokonta	Metazoa	NA	NA	NA	NA	NA
ASV_1299	seq1299	Eukaryota	NA	NA	NA	NA	NA	NA	NA	NA
ASV_1300	seq1300	Bacteria	PANNAM	Proteobacteria	Proteobacteria_X	Gammaproteobacteria	Betaproteobacteriales	Burkholderiaceae	Burkholderiaceae_X	Burkholderiaceae_X_sp.
ASV_1301	seq1301	Eukaryota	NA	NA	NA	NA	NA	NA	NA	NA
ASV_1302	seq1302	NA	NA	NA	NA	NA	NA	NA	NA	NA
ASV_1303	seq1303	Eukaryota	NA	NA	NA	NA	NA	NA	NA	NA
ASV_1304	seq1304	Eukaryota	NA	NA	NA	NA	NA	NA	NA	NA
ASV_1305	seq1305	Eukaryota	NA	NA	NA	NA	NA	NA	NA	NA
ASV_1306	seq1306	Eukaryota	NA	NA	NA	NA	NA	NA	NA	NA
ASV_1307	seq1307	Eukaryota	NA	NA	NA	NA	NA	NA	NA	NA
ASV_1308	seq1308	Eukaryota	NA	NA	NA	NA	NA	NA	NA	NA
ASV_1309	seq1309	Bacteria	PANNAM	Proteobacteria	Proteobacteria_X	Alphaproteobacteria	Rhodobacterales	Rhodobacteraceae	NA	NA
ASV_1310	seq1310	Eukaryota	NA	NA	NA	NA	NA	NA	NA	NA
ASV_1311	seq1311	Eukaryota	Obazoa	Opisthokonta	NA	NA	NA	NA	NA	NA
ASV_1312	seq1312	Eukaryota:plas	Archaeplastida:plas	Chlorophyta:plas	Chlorophyta_X:plas	Trebouxiophyceae:plas	Chlorellales:plas	Chlorellales_X:plas	Chlorella:plas	Chlorella_vulgaris:plas
ASV_1313	seq1313	NA	NA	NA	NA	NA	NA	NA	NA	NA
ASV_1314	seq1314	Eukaryota	Obazoa	Opisthokonta	Metazoa	NA	NA	NA	NA	NA
ASV_1315	seq1315	Eukaryota	NA	NA	NA	NA	NA	NA	NA	NA
ASV_1316	seq1316	Eukaryota	NA	NA	NA	NA	NA	NA	NA	NA
ASV_1317	seq1317	Bacteria	PVC	Planctomycetes	Planctomycetes_X	Planctomycetacia	Pirellulales	Pirellulaceae	Blastopirellula	Blastopirellula_sp.
ASV_1318	seq1318	Eukaryota	NA	NA	NA	NA	NA	NA	NA	NA
ASV_1319	seq1319	Eukaryota	NA	NA	NA	NA	NA	NA	NA	NA
ASV_1320	seq1320	Eukaryota	Obazoa	Opisthokonta	Metazoa	NA	NA	NA	NA	NA
ASV_1321	seq1321	Eukaryota	NA	NA	NA	NA	NA	NA	NA	NA
ASV_1322	seq1322	Eukaryota	NA	NA	NA	NA	NA	NA	NA	NA
ASV_1323	seq1323	Eukaryota	NA	NA	NA	NA	NA	NA	NA	NA
ASV_1324	seq1324	Eukaryota	Obazoa	Opisthokonta	Metazoa	NA	NA	NA	NA	NA
ASV_1325	seq1325	Eukaryota	NA	NA	NA	NA	NA	NA	NA	NA
ASV_1326	seq1326	Eukaryota	NA	NA	NA	NA	NA	NA	NA	NA
ASV_1327	seq1327	Eukaryota	Obazoa	Opisthokonta	Metazoa	NA	NA	NA	NA	NA
ASV_1328	seq1328	Eukaryota	NA	NA	NA	NA	NA	NA	NA	NA
